Location_ID,Latitude,Longitude,Traffic_Density,Pedestrian_Count,Vehicle_Count,Public_Transport,Average_Speed,Commercial_Score,Residential_Score,Green_Space,Morning_Activity,Afternoon_Activity,Evening_Activity,Night_Activity,True_Zone,Cluster
1,17.460355,78.222565,29,406,121,17,21,38,40,90,63,75,79,33,Recreational,1
2,17.447354,78.352985,20,491,70,5,26,31,46,89,67,55,54,56,Recreational,1
3,17.292358,78.29641,17,434,70,13,21,37,33,93,89,48,65,62,Recreational,1
4,17.418684,78.273942,21,563,84,18,31,23,47,87,43,41,45,63,Recreational,1
5,17.30854,78.531495,45,143,113,25,44,17,93,62,79,60,55,54,Residential,3
6,17.357953,78.317395,44,287,223,22,38,24,92,40,64,46,48,33,Residential,3
7,17.540015,78.37978,78,130,891,12,27,20,14,14,78,80,67,16,Industrial,4
8,17.247838,78.485298,85,661,615,34,22,91,17,10,66,74,40,44,Commercial,0
9,17.280688,78.558305,74,817,654,43,26,88,24,19,65,81,99,22,Commercial,0
10,17.230792,78.315901,89,695,787,59,24,86,22,19,82,68,75,22,Commercial,0
11,17.558437,78.327201,16,469,94,18,20,31,41,99,69,50,97,64,Recreational,1
12,17.366964,78.288843,70,976,682,59,39,92,18,7,78,45,47,36,Commercial,0
13,17.484908,78.259235,69,93,651,24,33,39,26,18,88,51,78,11,Industrial,4
14,17.421157,78.437079,96,712,401,31,24,80,10,7,41,83,65,41,Commercial,0
15,17.534121,78.328312,83,66,754,15,29,39,11,10,61,50,87,25,Industrial,4
16,17.269747,78.476375,42,397,451,23,38,65,42,60,58,59,71,16,Mixed,2
17,17.406654,78.304332,27,228,110,27,52,19,82,46,55,65,87,66,Residential,3
18,17.54253,78.361803,85,853,539,34,24,88,18,7,58,87,55,12,Commercial,0
19,17.465401,78.202025,93,715,474,46,27,83,15,12,59,74,87,34,Commercial,0
20,17.323224,78.417016,21,153,167,10,43,30,95,59,47,46,42,26,Residential,3
21,17.340031,78.458041,78,135,874,15,38,25,15,17,47,66,66,43,Industrial,4
22,17.581571,78.565946,74,916,703,48,23,82,26,20,56,83,67,39,Commercial,0
23,17.276364,78.30739,87,86,779,22,41,33,30,19,74,72,91,30,Industrial,4
24,17.343459,78.301665,77,74,722,15,27,27,23,12,89,71,86,31,Industrial,4
25,17.524045,78.546829,21,116,203,10,38,20,95,46,68,81,94,35,Residential,3
26,17.211047,78.431546,67,285,372,39,20,47,53,45,53,51,90,32,Mixed,2
27,17.408897,78.507997,84,107,562,23,41,39,19,10,54,82,99,46,Industrial,4
28,17.590341,78.40652,26,304,152,8,20,32,49,94,74,79,91,25,Recreational,1
29,17.295915,78.237549,76,112,774,21,29,40,18,16,40,40,86,43,Industrial,4
30,17.342389,78.503138,77,836,772,30,35,86,14,10,68,42,51,35,Commercial,0
31,17.396646,78.389389,98,819,468,44,36,93,29,9,51,55,65,35,Commercial,0
32,17.401255,78.542596,99,821,756,52,29,84,13,6,70,49,97,28,Commercial,0
33,17.470867,78.429347,52,253,215,35,42,41,56,57,71,66,59,33,Mixed,2
34,17.227745,78.240311,70,778,500,41,22,80,10,12,49,82,83,38,Commercial,0
35,17.339335,78.574659,48,134,180,17,39,11,98,48,46,43,97,62,Residential,3
36,17.510565,78.336321,35,548,187,9,23,22,46,82,87,75,57,58,Recreational,1
37,17.319054,78.239994,51,432,212,22,28,69,56,46,59,87,64,31,Mixed,2
38,17.236682,78.440976,26,532,196,16,23,26,43,99,58,86,55,62,Recreational,1
39,17.376612,78.555082,35,352,200,13,21,32,50,89,78,53,70,67,Recreational,1
40,17.289031,78.358661,70,67,738,21,33,29,21,5,77,46,85,22,Industrial,4
41,17.52512,78.578899,85,115,504,22,29,25,28,12,87,84,40,31,Industrial,4
42,17.373781,78.301473,82,731,691,35,38,91,16,15,49,65,58,48,Commercial,0
43,17.349948,78.314285,47,225,157,29,37,18,86,40,42,52,67,66,Residential,3
44,17.569857,78.567646,75,716,533,55,31,92,22,17,86,60,55,63,Commercial,0
45,17.451023,78.433726,17,446,69,13,32,34,38,96,53,54,70,10,Recreational,1
46,17.458739,78.355307,80,611,729,45,27,85,21,12,67,47,97,37,Commercial,0
47,17.265047,78.564371,32,327,150,13,18,36,38,80,59,52,67,57,Recreational,1
48,17.265934,78.364502,45,331,455,24,34,64,41,39,69,89,98,54,Mixed,2
49,17.253541,78.205469,87,823,638,46,30,100,26,17,72,73,80,44,Commercial,0
50,17.298939,78.380218,31,496,144,9,20,22,50,84,76,49,49,28,Recreational,1
51,17.208874,78.399266,88,772,604,33,20,96,17,20,73,67,70,17,Commercial,0
52,17.448124,78.481632,86,99,767,10,36,24,26,20,86,62,54,46,Industrial,4
53,17.236401,78.490559,66,87,691,21,26,25,27,6,57,69,54,36,Industrial,4
54,17.536837,78.507567,75,934,429,52,29,98,26,9,68,43,49,65,Commercial,0
55,17.251552,78.251218,19,333,55,9,16,32,40,90,87,50,90,56,Recreational,1
56,17.268928,78.276916,81,65,507,13,32,23,12,20,42,66,68,41,Industrial,4
57,17.251499,78.33204,80,54,591,19,30,20,14,13,51,65,85,43,Industrial,4
58,17.233807,78.438911,68,75,748,24,39,30,25,17,56,65,75,10,Industrial,4
59,17.253247,78.474866,29,426,105,10,28,33,31,92,65,53,98,65,Recreational,1
60,17.284579,78.330999,74,67,793,12,43,34,14,16,49,78,96,26,Industrial,4
61,17.494729,78.423097,31,312,74,8,24,22,38,92,57,86,75,56,Recreational,1
62,17.573477,78.203014,81,682,441,38,24,85,29,14,73,84,45,46,Commercial,0
63,17.232093,78.409805,45,319,311,23,30,69,69,59,70,63,94,18,Mixed,2
64,17.3963,78.489158,43,472,205,21,39,67,50,33,54,45,93,58,Mixed,2
65,17.370175,78.403044,71,934,602,37,38,92,21,9,45,65,93,13,Commercial,0
66,17.437553,78.347692,81,646,400,55,33,85,14,18,50,75,52,52,Commercial,0
67,17.504091,78.438255,24,250,237,21,31,22,87,41,59,40,76,18,Residential,3
68,17.351691,78.57058,89,144,804,14,36,37,23,9,50,48,73,21,Industrial,4
69,17.409226,78.343532,22,566,154,9,28,22,50,84,44,58,98,23,Recreational,1
70,17.430995,78.342145,49,338,495,27,26,47,53,48,77,72,62,24,Mixed,2
71,17.333962,78.255709,33,152,203,17,48,16,98,45,45,42,46,60,Residential,3
72,17.485626,78.397593,40,480,356,25,44,40,68,34,66,72,43,31,Mixed,2
73,17.394543,78.363582,20,217,137,22,44,13,92,63,54,68,47,14,Residential,3
74,17.58363,78.33701,41,344,314,38,23,43,65,40,66,44,59,20,Mixed,2
75,17.426053,78.47866,33,206,239,22,37,27,80,54,79,82,51,53,Residential,3
76,17.564274,78.249124,47,376,305,36,28,61,58,58,53,79,80,31,Mixed,2
77,17.4977,78.282232,60,359,381,20,41,62,58,37,54,60,86,18,Mixed,2
78,17.380887,78.289842,90,753,690,49,30,85,11,11,57,66,73,36,Commercial,0
79,17.288039,78.285072,33,481,74,11,34,25,50,80,88,68,82,31,Recreational,1
80,17.358927,78.370716,76,936,483,38,36,99,17,5,46,40,71,22,Commercial,0
81,17.485624,78.411059,89,81,657,22,41,32,25,12,58,57,40,23,Industrial,4
82,17.4576,78.363494,31,413,112,8,15,27,36,82,71,49,49,28,Recreational,1
83,17.488325,78.522126,32,307,114,13,17,27,44,84,42,72,67,56,Recreational,1
84,17.539251,78.249111,75,117,664,15,38,35,27,11,49,46,72,32,Industrial,4
85,17.345224,78.213691,63,78,687,11,26,20,24,9,59,50,81,11,Industrial,4
86,17.394972,78.557821,19,592,186,6,26,22,49,91,63,56,49,39,Recreational,1
87,17.458022,78.368682,87,714,608,43,28,87,11,17,64,78,48,63,Commercial,0
88,17.399236,78.22687,45,128,208,11,52,14,90,45,57,60,81,45,Residential,3
89,17.300292,78.453239,64,325,286,29,41,60,66,54,70,45,66,49,Mixed,2
90,17.2273,78.534832,46,422,389,33,21,67,61,40,40,75,90,35,Mixed,2
91,17.307964,78.415937,63,108,794,17,27,21,24,12,61,44,95,42,Industrial,4
92,17.365117,78.48197,62,130,864,20,26,28,11,9,48,48,79,26,Industrial,4
93,17.34439,78.236633,44,138,134,12,47,14,91,51,69,77,73,21,Residential,3
94,17.45558,78.503614,76,110,516,19,41,34,21,18,55,63,58,17,Industrial,4
95,17.215771,78.48223,61,447,399,37,44,51,54,56,65,80,84,35,Mixed,2
96,17.246113,78.368705,92,881,485,55,26,93,24,9,46,48,90,57,Commercial,0
97,17.478516,78.33595,57,472,302,36,33,70,63,32,83,84,73,12,Mixed,2
98,17.293184,78.20976,21,314,169,5,18,32,47,80,55,84,81,53,Recreational,1
99,17.391913,78.432303,21,257,112,22,47,12,86,53,68,88,68,62,Residential,3
100,17.541129,78.486221,29,565,152,8,19,20,46,82,84,53,95,39,Recreational,1
101,17.435422,78.592932,64,442,272,34,36,64,63,33,51,76,76,52,Mixed,2
102,17.443095,78.405075,89,126,725,18,31,39,13,15,47,59,68,63,Industrial,4
103,17.597963,78.269558,30,156,102,15,34,14,94,62,88,48,74,29,Residential,3
104,17.557969,78.544051,22,277,181,26,53,12,82,45,52,86,64,18,Residential,3
105,17.572636,78.494085,68,105,822,20,33,22,11,16,81,48,54,49,Industrial,4
106,17.230452,78.540483,43,223,137,17,34,25,97,45,76,87,52,37,Residential,3
107,17.551452,78.51897,69,364,385,22,43,47,41,37,66,52,84,42,Mixed,2
108,17.275689,78.552655,15,358,108,13,27,30,42,100,81,75,66,47,Recreational,1
109,17.422473,78.502654,65,498,230,29,29,50,60,59,78,70,57,45,Mixed,2
110,17.527472,78.251379,21,523,62,18,31,28,46,87,70,73,99,33,Recreational,1
111,17.508342,78.578919,89,120,573,18,26,34,14,17,61,43,59,41,Industrial,4
112,17.459029,78.437758,81,1000,793,51,20,97,27,18,86,68,51,45,Commercial,0
113,17.309451,78.59885,21,328,188,5,20,34,44,98,50,62,65,43,Recreational,1
114,17.309304,78.580345,72,996,438,44,30,99,11,19,53,59,61,20,Commercial,0
115,17.460667,78.347411,35,383,55,7,19,22,30,85,54,73,74,58,Recreational,1
116,17.50441,78.450488,30,326,121,16,28,36,50,87,54,66,85,59,Recreational,1
117,17.250074,78.474226,35,323,109,14,17,39,43,94,64,69,53,16,Recreational,1
118,17.472183,78.358218,23,465,112,10,16,27,40,92,56,47,60,27,Recreational,1
119,17.241117,78.428362,72,138,788,21,30,28,17,15,61,63,80,26,Industrial,4
120,17.343121,78.328838,34,460,146,6,15,20,38,92,69,72,52,61,Recreational,1
121,17.437911,78.446642,33,221,242,11,39,21,96,47,50,42,98,15,Residential,3
122,17.419037,78.526919,87,803,663,37,37,99,24,15,46,50,59,25,Commercial,0
123,17.391712,78.446297,50,102,226,18,39,23,90,57,51,62,51,22,Residential,3
124,17.598534,78.589917,82,149,672,17,43,31,27,10,57,58,61,46,Industrial,4
125,17.366363,78.538498,87,123,742,12,39,20,16,16,88,69,60,40,Industrial,4
126,17.560281,78.368688,43,469,219,37,36,58,48,33,73,75,41,24,Mixed,2
127,17.5104,78.362124,38,214,224,21,32,22,97,47,60,54,72,44,Residential,3
128,17.362008,78.437167,31,113,177,11,52,14,84,45,84,80,93,69,Residential,3
129,17.252349,78.587928,89,729,630,35,36,81,12,9,44,40,79,21,Commercial,0
130,17.299486,78.446858,69,116,617,23,40,29,19,16,69,80,40,14,Industrial,4
131,17.482154,78.378547,94,663,773,49,30,84,24,9,51,76,88,58,Commercial,0
132,17.216629,78.259337,34,429,86,8,15,22,35,84,44,72,88,60,Recreational,1
133,17.408692,78.337061,57,465,450,30,21,64,57,58,78,70,95,56,Mixed,2
134,17.547257,78.27086,27,533,173,11,22,37,50,80,47,68,71,47,Recreational,1
135,17.507408,78.245244,20,154,218,20,39,27,97,56,65,47,86,49,Residential,3
136,17.263715,78.441982,83,888,400,48,35,93,30,20,44,80,65,37,Commercial,0
137,17.460205,78.506076,70,768,488,45,32,88,30,17,70,80,50,13,Commercial,0
138,17.202303,78.329834,20,318,131,17,23,38,42,90,40,63,93,16,Recreational,1
139,17.441379,78.467285,21,442,198,7,15,36,46,82,83,77,65,20,Recreational,1
140,17.336499,78.352078,21,273,108,12,50,17,95,41,45,67,92,38,Residential,3
141,17.582209,78.207293,35,136,143,13,44,20,95,62,45,85,89,53,Residential,3
142,17.340649,78.240568,82,129,802,14,39,23,20,7,54,43,60,22,Industrial,4
143,17.30905,78.36542,43,301,226,34,22,47,55,39,75,69,57,11,Mixed,2
144,17.567101,78.369811,99,862,750,41,29,86,22,19,46,88,81,51,Commercial,0
145,17.458642,78.269909,81,975,572,39,34,92,30,10,67,48,65,18,Commercial,0
146,17.369495,78.46702,98,769,471,53,35,96,14,8,89,63,58,45,Commercial,0
147,17.209455,78.456789,38,263,168,24,46,12,91,41,72,60,56,31,Residential,3
148,17.361728,78.37128,21,459,60,14,23,33,42,81,74,46,60,27,Recreational,1
149,17.305958,78.458116,86,879,587,43,38,83,15,14,71,78,84,55,Commercial,0
150,17.467841,78.227973,17,372,185,5,20,28,36,83,52,88,99,11,Recreational,1
151,17.597656,78.464736,47,479,399,37,22,61,51,58,42,61,45,11,Mixed,2
152,17.280373,78.414331,72,953,685,49,27,91,13,9,52,68,70,56,Commercial,0
153,17.247932,78.589666,92,999,411,46,35,91,17,8,42,55,69,54,Commercial,0
154,17.530427,78.512811,59,497,320,39,25,61,57,37,78,71,72,62,Mixed,2
155,17.295622,78.40389,48,241,135,10,52,27,92,41,80,60,41,36,Residential,3
156,17.54057,78.283404,79,111,653,13,42,25,12,10,82,54,61,69,Industrial,4
157,17.527494,78.329011,79,765,481,42,22,89,23,10,42,55,46,61,Commercial,0
158,17.391742,78.325491,61,140,629,12,42,33,29,6,49,64,41,34,Industrial,4
159,17.248705,78.391294,83,935,709,43,39,82,12,13,45,64,52,62,Commercial,0
160,17.207075,78.441021,29,367,61,16,27,33,49,97,68,45,71,38,Recreational,1
161,17.295672,78.2569,90,54,765,18,26,30,27,17,70,54,48,32,Industrial,4
162,17.293058,78.288321,97,789,770,36,35,95,10,8,43,78,79,26,Commercial,0
163,17.392654,78.270755,59,373,430,37,24,59,70,59,74,46,66,37,Mixed,2
164,17.275878,78.447579,61,382,382,21,40,61,45,44,60,49,62,67,Mixed,2
165,17.381751,78.537743,60,491,412,37,24,52,43,46,74,88,99,20,Mixed,2
166,17.543826,78.356957,65,445,233,39,35,67,57,37,74,80,68,61,Mixed,2
167,17.536349,78.215371,32,212,204,26,53,18,88,40,41,87,68,42,Residential,3
168,17.407363,78.260068,22,576,77,15,16,27,37,96,54,56,99,32,Recreational,1
169,17.214228,78.403432,15,386,150,12,27,27,40,80,84,63,74,33,Recreational,1
170,17.419846,78.532214,50,209,238,29,44,28,86,58,67,82,97,14,Residential,3
171,17.302165,78.304285,25,210,211,26,37,17,88,41,54,89,42,58,Residential,3
172,17.440753,78.432969,78,816,777,52,37,89,30,8,51,66,79,11,Commercial,0
173,17.375762,78.445176,16,310,59,19,31,27,47,88,64,79,98,23,Recreational,1
174,17.538606,78.567571,34,512,81,7,28,36,50,82,71,69,94,48,Recreational,1
175,17.328024,78.501275,40,240,248,17,43,17,93,46,62,83,71,20,Residential,3
176,17.402341,78.536281,91,947,684,42,37,81,30,19,66,89,70,24,Commercial,0
177,17.549329,78.454517,61,420,388,20,43,42,70,51,58,62,68,39,Mixed,2
178,17.277582,78.551927,54,385,385,35,27,40,51,34,42,40,43,49,Mixed,2
179,17.202092,78.504396,30,109,248,23,36,11,88,55,52,48,91,45,Residential,3
180,17.598534,78.347324,31,313,170,6,34,30,45,98,70,45,95,28,Recreational,1
181,17.447836,78.342197,43,269,223,22,24,45,60,51,79,78,60,19,Mixed,2
182,17.424594,78.424264,82,619,672,52,26,83,23,7,63,76,55,67,Commercial,0
183,17.592788,78.283937,49,181,246,28,46,23,98,61,63,84,51,39,Residential,3
184,17.599339,78.573245,33,472,143,11,31,20,47,99,88,67,98,56,Recreational,1
185,17.353533,78.428749,40,447,459,39,35,54,66,44,45,86,53,69,Mixed,2
186,17.571847,78.513033,64,310,337,37,22,52,50,46,69,84,45,26,Mixed,2
187,17.482408,78.452468,69,84,801,19,43,24,14,8,88,60,49,14,Industrial,4
188,17.388824,78.205361,22,228,123,13,35,18,93,67,83,70,59,33,Residential,3
189,17.307256,78.262553,24,519,184,7,28,29,45,95,70,81,64,22,Recreational,1
190,17.559933,78.208729,25,383,131,14,25,40,33,97,72,66,46,15,Recreational,1
191,17.46167,78.279239,79,137,642,16,34,31,23,13,76,60,57,14,Industrial,4
192,17.473502,78.418042,88,970,744,50,31,88,10,6,43,81,96,16,Commercial,0
193,17.538767,78.371452,68,277,242,28,26,61,56,46,73,45,85,15,Mixed,2
194,17.514788,78.244774,41,271,311,21,29,41,55,45,78,61,51,33,Mixed,2
195,17.407754,78.281953,69,148,691,12,41,26,30,8,65,43,85,61,Industrial,4
196,17.237661,78.337465,54,463,315,33,28,47,65,57,65,88,41,34,Mixed,2
197,17.409332,78.314855,15,341,55,11,34,37,40,98,44,50,95,21,Recreational,1
198,17.379041,78.423128,23,463,134,12,23,34,44,95,85,79,57,51,Recreational,1
199,17.213353,78.345477,26,179,230,22,32,27,90,47,77,72,67,10,Residential,3
200,17.586851,78.367104,30,406,150,8,20,33,48,88,51,50,85,64,Recreational,1
201,17.237212,78.211746,60,407,468,21,23,67,45,55,70,66,44,34,Mixed,2
202,17.503833,78.595226,16,453,175,18,19,22,38,99,77,89,45,28,Recreational,1
203,17.484806,78.530391,34,207,207,18,50,11,82,51,67,69,65,57,Residential,3
204,17.495228,78.522478,90,762,579,31,28,98,24,6,50,62,87,31,Commercial,0
205,17.266853,78.462113,62,82,711,22,40,21,11,7,79,67,86,48,Industrial,4
206,17.363323,78.503699,77,846,742,32,23,94,15,19,60,74,96,62,Commercial,0
207,17.424176,78.244396,26,338,186,7,27,34,47,98,72,45,98,36,Recreational,1
208,17.312015,78.543337,35,489,84,7,28,39,46,87,63,53,65,47,Recreational,1
209,17.451295,78.41307,73,100,886,19,43,28,29,17,46,53,48,68,Industrial,4
210,17.320506,78.439343,74,63,619,15,28,27,26,18,48,72,95,61,Industrial,4
211,17.336162,78.595611,68,108,833,23,33,23,13,16,47,41,80,55,Industrial,4
212,17.28809,78.39535,69,407,467,22,30,53,57,50,60,44,87,29,Mixed,2
213,17.326779,78.373838,68,450,234,36,21,63,40,37,84,62,86,49,Mixed,2
214,17.470571,78.252677,88,625,707,58,27,100,28,10,59,68,90,13,Commercial,0
215,17.556592,78.201168,26,366,135,16,16,21,38,80,47,62,77,15,Recreational,1
216,17.278439,78.444312,51,511,417,27,38,67,49,30,68,84,88,44,Mixed,2
217,17.313963,78.385141,59,426,340,25,36,53,56,59,47,82,59,69,Mixed,2
218,17.527283,78.41264,56,441,305,30,41,69,48,38,63,76,88,50,Mixed,2
219,17.35783,78.368731,66,104,540,16,37,30,23,7,50,52,85,54,Industrial,4
220,17.454561,78.220454,22,408,61,17,30,20,42,86,67,44,47,34,Recreational,1
221,17.347621,78.24841,54,464,376,34,39,57,57,31,43,69,72,45,Mixed,2
222,17.45858,78.555216,22,383,162,5,26,38,44,88,78,41,68,50,Recreational,1
223,17.560981,78.226578,49,459,250,28,44,46,67,32,59,45,66,62,Mixed,2
224,17.286421,78.386643,36,268,111,12,40,10,92,54,65,76,60,58,Residential,3
225,17.515594,78.378568,75,883,676,51,30,97,13,7,84,48,92,47,Commercial,0
226,17.410325,78.404673,22,294,178,18,52,17,90,55,71,75,99,42,Residential,3
227,17.454761,78.336242,19,306,105,5,15,34,49,98,68,49,99,27,Recreational,1
228,17.242104,78.266944,89,60,804,10,30,24,17,6,87,51,77,10,Industrial,4
229,17.355195,78.26401,24,257,219,12,40,22,83,65,66,85,93,52,Residential,3
230,17.389603,78.377651,25,158,224,24,50,19,84,65,76,81,99,46,Residential,3
231,17.592044,78.391151,47,300,212,22,44,29,96,52,71,87,61,13,Residential,3
232,17.423084,78.338911,41,291,308,38,36,60,53,60,83,60,83,20,Mixed,2
233,17.517009,78.384578,17,410,147,15,18,38,46,82,57,79,61,66,Recreational,1
234,17.413355,78.547988,47,533,204,36,24,43,61,48,66,73,50,63,Mixed,2
235,17.405161,78.237469,61,254,383,39,28,53,65,41,45,56,90,28,Mixed,2
236,17.592296,78.363034,20,482,151,15,15,34,40,98,89,56,90,62,Recreational,1
237,17.319374,78.296153,74,53,890,22,27,35,18,12,84,56,56,58,Industrial,4
238,17.548819,78.41089,86,118,512,24,38,35,27,20,61,68,61,52,Industrial,4
239,17.28026,78.597859,55,453,393,28,43,42,63,59,69,86,74,28,Mixed,2
240,17.463416,78.506446,60,85,524,14,25,34,14,17,79,47,44,69,Industrial,4
241,17.322455,78.419652,17,493,153,11,23,21,43,93,43,69,70,47,Recreational,1
242,17.517806,78.482835,27,472,83,17,33,25,45,81,79,56,94,43,Recreational,1
243,17.562444,78.328598,16,312,160,19,16,26,32,87,62,53,95,64,Recreational,1
244,17.487917,78.546773,46,482,357,32,40,58,60,48,64,61,70,26,Mixed,2
245,17.521583,78.421,29,299,153,29,49,27,93,57,67,85,91,62,Residential,3
246,17.360979,78.241099,27,358,57,6,26,33,31,97,73,50,80,21,Recreational,1
247,17.496362,78.326508,95,948,553,47,25,96,27,12,80,45,44,53,Commercial,0
248,17.373527,78.563977,84,114,606,12,33,21,21,8,75,57,54,60,Industrial,4
249,17.311376,78.25184,33,485,109,15,24,34,50,100,82,52,76,42,Recreational,1
250,17.399428,78.354048,29,580,143,13,34,38,48,91,76,81,56,46,Recreational,1
251,17.420828,78.366319,72,902,545,43,22,91,18,16,46,80,52,27,Commercial,0
252,17.357894,78.572323,35,236,172,15,40,10,83,52,62,84,84,43,Residential,3
253,17.217203,78.466747,32,302,77,10,26,31,50,87,40,75,60,69,Recreational,1
254,17.334938,78.207731,91,653,537,50,31,94,30,14,85,52,76,47,Commercial,0
255,17.5854,78.407613,28,437,180,19,20,36,41,99,63,68,82,34,Recreational,1
256,17.230554,78.353032,89,718,555,45,34,96,17,16,51,66,93,62,Commercial,0
257,17.465203,78.419353,71,733,790,50,20,86,29,13,51,55,55,52,Commercial,0
258,17.574951,78.441317,29,459,124,12,15,27,42,83,79,42,68,50,Recreational,1
259,17.585107,78.230242,54,373,417,23,27,48,62,34,71,59,89,20,Mixed,2
260,17.52445,78.454382,86,658,489,41,26,89,19,15,84,58,50,22,Commercial,0
261,17.398925,78.2921,25,348,101,10,29,28,43,97,65,88,89,14,Recreational,1
262,17.272123,78.383439,87,825,414,58,33,84,15,10,61,57,53,19,Commercial,0
263,17.517257,78.541514,89,55,592,17,36,32,20,16,72,56,87,20,Industrial,4
264,17.270438,78.285583,26,369,65,8,17,35,41,90,76,64,57,28,Recreational,1
265,17.502924,78.264669,45,233,103,21,48,11,96,50,82,55,41,43,Residential,3
266,17.204841,78.203615,29,393,114,15,21,36,49,97,61,68,61,53,Recreational,1
267,17.52331,78.301528,67,405,454,30,40,63,49,57,79,41,94,17,Mixed,2
268,17.217965,78.504403,84,142,863,22,37,29,13,13,66,73,90,10,Industrial,4
269,17.596977,78.354529,72,716,493,32,22,96,16,15,65,53,56,27,Commercial,0
270,17.291478,78.582528,66,331,313,20,32,59,59,52,49,50,80,50,Mixed,2
271,17.257526,78.372041,43,268,167,14,40,28,100,42,51,65,90,28,Residential,3
272,17.274454,78.332626,27,232,248,23,33,19,99,54,89,84,68,17,Residential,3
273,17.529915,78.406264,28,570,178,7,29,27,33,81,68,63,63,51,Recreational,1
274,17.589231,78.29045,92,780,647,49,32,84,30,18,80,45,76,66,Commercial,0
275,17.496759,78.53937,68,461,202,38,41,54,43,57,51,77,90,45,Mixed,2
276,17.501699,78.357278,37,129,200,25,48,23,95,66,86,75,78,25,Residential,3
277,17.216969,78.30613,47,490,471,29,29,66,41,60,48,56,50,41,Mixed,2
278,17.379525,78.26361,30,410,172,9,19,25,46,80,64,75,56,50,Recreational,1
279,17.466058,78.262931,65,50,877,16,41,21,18,17,48,52,45,15,Industrial,4
280,17.514482,78.493778,100,648,475,45,34,92,10,5,42,65,54,45,Commercial,0
281,17.293989,78.481948,36,182,142,29,32,17,93,65,72,53,73,64,Residential,3
282,17.580987,78.290691,65,146,667,12,25,24,25,10,79,52,87,44,Industrial,4
283,17.325145,78.574119,69,138,647,24,28,31,11,12,61,76,47,16,Industrial,4
284,17.573998,78.372216,35,182,171,10,46,21,100,50,44,66,51,26,Residential,3
285,17.222634,78.349568,28,368,167,12,15,37,45,88,58,61,44,68,Recreational,1
286,17.310528,78.372808,15,440,133,10,21,34,43,98,68,59,68,33,Recreational,1
287,17.275926,78.432873,77,817,461,58,29,96,11,10,44,67,80,14,Commercial,0
288,17.419843,78.475912,96,776,603,36,22,89,11,13,74,55,41,69,Commercial,0
289,17.236838,78.421352,30,282,138,24,35,29,88,61,59,83,58,29,Residential,3
290,17.200807,78.269633,41,383,406,29,28,40,55,35,80,75,98,69,Mixed,2
291,17.472045,78.363261,85,138,765,14,39,38,25,9,61,75,73,39,Industrial,4
292,17.4469,78.495763,82,667,406,46,28,83,28,5,49,75,48,54,Commercial,0
293,17.303485,78.373761,79,969,682,51,37,82,29,15,60,64,67,56,Commercial,0
294,17.279708,78.550988,96,847,747,46,30,88,19,6,59,84,79,48,Commercial,0
295,17.438838,78.437921,29,362,159,9,25,35,31,87,50,89,42,67,Recreational,1
296,17.495167,78.40858,37,137,226,28,33,22,93,42,49,77,40,64,Residential,3
297,17.466585,78.514955,73,130,572,22,30,30,16,5,67,72,93,46,Industrial,4
298,17.367756,78.400032,41,307,322,25,27,43,57,57,82,76,54,37,Mixed,2
299,17.363868,78.462069,85,106,704,13,31,30,13,16,54,40,94,12,Industrial,4
300,17.52565,78.474054,75,637,740,45,24,96,19,16,60,89,46,12,Commercial,0
301,17.286424,78.52373,63,118,628,13,36,29,30,17,63,64,84,64,Industrial,4
302,17.531549,78.339556,43,359,376,29,26,55,40,46,60,48,45,60,Mixed,2
303,17.469458,78.271701,91,860,486,46,31,95,12,18,61,48,68,56,Commercial,0
304,17.318715,78.416548,29,411,200,17,31,27,50,81,76,45,83,27,Recreational,1
305,17.298141,78.223093,99,834,521,39,34,98,13,6,48,81,67,20,Commercial,0
306,17.478572,78.480858,81,64,881,21,32,30,18,19,72,72,58,12,Industrial,4
307,17.246882,78.334883,98,953,540,51,20,81,25,19,52,87,88,62,Commercial,0
308,17.20725,78.517103,36,170,112,14,46,12,86,65,88,78,92,10,Residential,3
309,17.53733,78.394038,96,852,786,44,30,95,18,12,40,68,96,31,Commercial,0
310,17.23028,78.35513,81,120,705,22,43,38,11,13,84,54,42,20,Industrial,4
311,17.418234,78.592683,38,227,147,11,37,15,91,54,79,75,54,37,Residential,3
312,17.482654,78.349792,21,176,144,24,49,19,82,58,42,53,79,68,Residential,3
313,17.509124,78.419368,34,421,156,15,25,21,46,88,67,70,99,43,Recreational,1
314,17.25613,78.468463,73,735,600,55,24,95,22,18,78,71,97,61,Commercial,0
315,17.431523,78.452957,21,391,58,19,20,36,45,82,60,65,75,51,Recreational,1
316,17.36994,78.563135,31,269,112,20,51,25,87,47,79,84,98,11,Residential,3
317,17.372435,78.419737,25,506,129,5,16,37,41,98,65,62,57,41,Recreational,1
318,17.529507,78.225256,84,794,565,32,20,92,30,14,85,52,66,45,Commercial,0
319,17.286892,78.385596,54,456,478,25,43,59,65,34,59,51,72,37,Mixed,2
320,17.559168,78.555247,60,345,362,34,24,67,63,43,89,87,45,34,Mixed,2
321,17.599557,78.330656,46,353,276,25,37,41,47,40,72,77,87,36,Mixed,2
322,17.556684,78.539672,88,123,864,20,27,34,25,17,52,88,74,61,Industrial,4
323,17.534848,78.44781,89,97,790,15,30,33,27,5,71,75,71,64,Industrial,4
324,17.482959,78.355692,62,129,696,14,34,38,13,17,68,58,82,11,Industrial,4
325,17.459804,78.521766,30,510,136,12,25,33,31,84,44,60,51,59,Recreational,1
326,17.457703,78.589699,20,313,81,15,32,37,40,100,83,44,62,50,Recreational,1
327,17.467104,78.534947,41,182,164,16,33,10,94,47,51,61,61,59,Residential,3
328,17.414374,78.395398,39,277,211,10,52,20,94,51,79,59,69,47,Residential,3
329,17.220796,78.212698,52,542,429,21,23,61,65,40,47,83,79,52,Mixed,2
330,17.590475,78.473382,49,227,183,29,52,25,93,69,82,46,55,54,Residential,3
331,17.441216,78.447597,80,136,587,24,33,22,28,8,76,81,56,56,Industrial,4
332,17.515764,78.366487,69,525,430,31,36,56,49,59,68,58,85,20,Mixed,2
333,17.503717,78.587105,21,119,149,15,53,19,99,54,76,59,42,46,Residential,3
334,17.268046,78.559295,22,409,185,17,24,26,46,83,52,71,75,46,Recreational,1
335,17.32145,78.324676,25,226,187,11,52,20,93,69,44,77,49,49,Residential,3
336,17.429715,78.466885,30,444,114,11,24,29,50,81,48,61,52,34,Recreational,1
337,17.278067,78.395757,84,705,670,44,26,92,26,20,48,79,59,35,Commercial,0
338,17.504979,78.250401,100,931,437,48,26,82,25,6,55,78,43,68,Commercial,0
339,17.311766,78.252661,52,478,276,33,41,43,67,36,47,64,52,41,Mixed,2
340,17.519093,78.346956,35,521,180,17,16,35,35,87,47,45,53,41,Recreational,1
341,17.50067,78.449391,71,98,814,24,29,39,18,19,60,59,78,31,Industrial,4
342,17.31758,78.294834,37,276,119,29,42,26,83,40,40,54,52,26,Residential,3
343,17.480995,78.446101,72,72,673,17,32,34,22,11,76,88,67,34,Industrial,4
344,17.505157,78.218181,50,244,129,16,42,27,93,69,57,52,82,30,Residential,3
345,17.375271,78.535672,77,715,542,38,39,89,21,19,62,69,72,66,Commercial,0
346,17.443328,78.31242,81,826,730,31,35,88,24,16,72,84,53,66,Commercial,0
347,17.422582,78.542597,15,406,91,18,33,30,36,90,70,56,72,41,Recreational,1
348,17.584597,78.467147,25,264,153,17,38,26,82,58,50,63,88,30,Residential,3
349,17.565172,78.335908,66,77,772,15,43,25,11,10,76,43,61,35,Industrial,4
350,17.335989,78.231576,59,307,487,36,28,43,62,57,85,58,97,69,Mixed,2
351,17.224723,78.236944,87,50,709,17,25,31,17,12,55,89,43,47,Industrial,4
352,17.270877,78.317707,28,536,74,19,16,22,39,88,65,59,79,19,Recreational,1
353,17.542453,78.342707,85,76,612,24,27,31,18,9,83,65,86,43,Industrial,4
354,17.246769,78.472861,18,386,161,5,16,22,50,99,88,61,60,42,Recreational,1
355,17.432567,78.242341,45,209,145,14,35,26,90,55,83,86,62,13,Residential,3
356,17.520392,78.241782,81,72,691,12,32,37,19,13,88,47,94,20,Industrial,4
357,17.212977,78.463487,60,286,255,32,25,68,44,38,87,41,40,49,Mixed,2
358,17.476805,78.383172,26,389,172,12,23,26,50,94,73,70,91,34,Recreational,1
359,17.340328,78.345024,54,498,390,29,41,49,60,44,56,61,77,44,Mixed,2
360,17.273069,78.25584,86,689,540,46,25,96,25,18,84,45,74,55,Commercial,0
361,17.213064,78.390238,66,518,440,22,25,44,61,55,88,62,64,43,Mixed,2
362,17.246543,78.445118,20,497,108,6,32,23,46,93,53,52,46,53,Recreational,1
363,17.327861,78.375271,74,84,836,12,43,39,13,7,71,87,83,49,Industrial,4
364,17.422531,78.211662,77,114,854,13,37,25,23,9,87,54,86,13,Industrial,4
365,17.288178,78.554473,27,583,145,17,16,22,37,94,82,70,48,48,Recreational,1
366,17.371383,78.492599,33,402,174,13,30,22,39,85,57,89,44,62,Recreational,1
367,17.373508,78.299801,89,94,650,14,30,33,21,8,68,62,45,41,Industrial,4
368,17.491348,78.338322,28,105,211,12,39,20,90,56,71,43,43,26,Residential,3
369,17.475218,78.248155,81,114,649,16,35,32,19,7,48,51,62,23,Industrial,4
370,17.252201,78.426168,78,878,601,48,34,84,24,8,62,69,64,37,Commercial,0
371,17.293998,78.53206,79,805,713,59,28,93,12,8,87,73,49,44,Commercial,0
372,17.357158,78.211461,46,458,263,21,31,64,49,47,50,55,88,60,Mixed,2
373,17.202503,78.224754,35,105,207,20,44,24,95,49,51,52,43,48,Residential,3
374,17.288713,78.327022,86,128,571,16,39,33,17,16,51,52,82,26,Industrial,4
375,17.332799,78.465119,35,307,118,14,30,23,44,91,76,69,62,25,Recreational,1
376,17.504064,78.26156,19,584,192,8,29,33,49,98,52,81,60,46,Recreational,1
377,17.52114,78.298608,20,463,179,10,30,37,34,83,69,84,58,32,Recreational,1
378,17.468954,78.530426,43,271,379,39,34,43,48,36,58,77,45,61,Mixed,2
379,17.212009,78.377811,73,649,737,34,39,90,14,10,43,68,83,43,Commercial,0
380,17.466146,78.400284,33,458,177,7,33,40,31,99,49,41,41,69,Recreational,1
381,17.301434,78.38838,70,356,287,20,30,62,60,33,46,65,86,59,Mixed,2
382,17.250382,78.591661,87,145,820,24,34,26,11,14,63,43,83,28,Industrial,4
383,17.371625,78.310369,70,116,511,12,34,36,11,5,55,41,99,63,Industrial,4
384,17.252389,78.442399,98,865,697,37,20,92,18,10,81,86,76,63,Commercial,0
385,17.232639,78.303437,32,582,90,6,16,31,37,88,51,65,48,19,Recreational,1
386,17.436807,78.26636,21,359,115,5,33,23,31,93,41,68,54,21,Recreational,1
387,17.490736,78.513908,49,359,345,33,21,65,51,51,45,75,84,45,Mixed,2
388,17.502534,78.232667,43,466,295,20,32,43,59,47,77,42,62,41,Mixed,2
389,17.466022,78.422631,43,398,303,38,33,46,70,43,45,51,55,26,Mixed,2
390,17.319513,78.55648,31,468,103,19,26,21,34,92,66,62,79,68,Recreational,1
391,17.405785,78.234023,70,522,282,33,41,69,62,37,52,59,74,14,Mixed,2
392,17.594934,78.377641,100,877,724,57,27,80,29,16,62,71,50,48,Commercial,0
393,17.469003,78.472877,61,467,215,22,39,53,42,30,86,40,56,11,Mixed,2
394,17.521638,78.370375,55,410,330,22,24,66,51,41,59,84,59,18,Mixed,2
395,17.290413,78.42042,65,140,672,20,37,32,29,19,84,61,82,28,Industrial,4
396,17.434235,78.417738,35,214,125,20,42,18,99,63,58,87,78,60,Residential,3
397,17.46118,78.261568,85,91,510,15,26,30,28,20,45,85,91,47,Industrial,4
398,17.508179,78.334921,67,121,551,15,39,26,20,11,43,64,51,35,Industrial,4
399,17.470442,78.322896,80,86,545,14,40,32,29,10,43,50,71,58,Industrial,4
400,17.463241,78.5991,23,514,72,6,25,34,48,80,75,53,53,44,Recreational,1
401,17.492197,78.254142,27,378,159,12,33,25,39,94,77,62,64,51,Recreational,1
402,17.356697,78.265064,78,929,537,54,26,95,27,10,66,72,40,53,Commercial,0
403,17.318187,78.411988,73,817,659,30,26,97,18,17,74,47,63,28,Commercial,0
404,17.409465,78.327649,86,81,833,18,42,35,12,19,70,43,76,26,Industrial,4
405,17.310828,78.576352,73,629,557,51,30,81,21,16,69,75,57,35,Commercial,0
406,17.406513,78.432258,100,945,486,55,32,85,15,16,47,63,61,28,Commercial,0
407,17.234453,78.525755,69,498,232,29,24,51,61,59,66,78,48,63,Mixed,2
408,17.560961,78.353286,80,789,516,44,21,99,16,9,83,57,42,16,Commercial,0
409,17.530373,78.452584,65,344,210,23,37,43,56,31,68,63,61,11,Mixed,2
410,17.391334,78.208408,92,784,484,52,35,93,16,16,71,67,90,64,Commercial,0
411,17.496917,78.297665,62,446,241,29,26,65,54,36,68,86,42,28,Mixed,2
412,17.202934,78.210324,65,61,610,15,37,38,12,12,47,59,86,13,Industrial,4
413,17.218234,78.578388,42,258,214,26,25,41,48,51,63,88,76,53,Mixed,2
414,17.595802,78.473726,94,905,411,54,36,93,25,18,80,75,96,32,Commercial,0
415,17.365471,78.461189,84,67,689,22,35,33,27,15,67,66,71,56,Industrial,4
416,17.245901,78.396163,15,367,95,13,16,35,32,87,45,55,63,57,Recreational,1
417,17.229094,78.31224,64,397,317,37,34,57,41,39,84,89,86,21,Mixed,2
418,17.452287,78.495873,92,802,546,32,26,100,23,18,84,83,63,50,Commercial,0
419,17.255995,78.366327,77,125,719,21,25,38,29,17,88,76,65,44,Industrial,4
420,17.428716,78.373621,69,399,215,35,22,67,52,43,47,83,94,64,Mixed,2
421,17.339942,78.297521,64,314,333,38,42,50,50,52,71,69,52,52,Mixed,2
422,17.217326,78.479736,64,352,500,31,37,63,58,44,79,81,46,59,Mixed,2
423,17.564784,78.224371,68,106,786,14,32,35,22,17,88,62,59,46,Industrial,4
424,17.24187,78.251439,23,324,107,6,23,25,40,85,45,84,50,23,Recreational,1
425,17.278518,78.209026,42,474,351,38,37,56,59,58,63,84,74,10,Mixed,2
426,17.307519,78.279458,25,525,196,11,33,35,48,88,40,81,58,42,Recreational,1
427,17.268732,78.407231,21,188,224,22,35,30,85,48,87,82,78,40,Residential,3
428,17.306399,78.333112,32,387,174,13,29,23,37,88,84,48,65,13,Recreational,1
429,17.59878,78.488063,89,668,646,34,39,94,27,19,41,68,52,13,Commercial,0
430,17.400023,78.469957,77,666,590,43,28,100,20,7,76,81,52,45,Commercial,0
431,17.349579,78.554515,47,172,151,16,31,16,87,46,60,62,68,23,Residential,3
432,17.490445,78.346785,100,875,635,52,36,92,11,13,52,78,67,51,Commercial,0
433,17.348093,78.500512,77,124,873,13,29,38,28,18,86,55,63,50,Industrial,4
434,17.524956,78.232962,82,63,857,13,31,38,26,13,55,86,93,49,Industrial,4
435,17.476129,78.57801,33,341,66,19,27,32,36,89,73,75,64,15,Recreational,1
436,17.378164,78.233702,69,423,351,30,38,69,41,57,42,50,77,23,Mixed,2
437,17.300926,78.549217,67,100,775,15,31,28,22,5,68,47,95,63,Industrial,4
438,17.470658,78.454419,47,256,482,20,35,45,46,41,62,80,98,20,Mixed,2
439,17.242161,78.535542,19,486,176,5,17,35,34,95,71,42,91,56,Recreational,1
440,17.584567,78.471665,68,344,472,39,42,57,57,51,53,89,54,24,Mixed,2
441,17.59819,78.564606,22,378,180,18,29,32,38,81,63,79,71,41,Recreational,1
442,17.402208,78.403103,40,283,278,31,33,64,68,31,57,46,68,64,Mixed,2
443,17.541297,78.469419,81,51,708,14,38,39,30,17,61,74,76,25,Industrial,4
444,17.568277,78.338007,76,129,629,13,31,21,15,5,78,64,44,14,Industrial,4
445,17.267126,78.248145,74,800,596,39,21,88,20,8,61,61,61,43,Commercial,0
446,17.448532,78.487487,87,926,782,30,20,83,13,17,57,66,82,68,Commercial,0
447,17.520961,78.336498,92,827,587,35,35,81,27,14,63,88,52,65,Commercial,0
448,17.595536,78.393293,50,544,388,29,36,54,57,52,69,73,97,13,Mixed,2
449,17.413864,78.543505,26,139,169,10,33,23,96,59,89,82,68,30,Residential,3
450,17.27485,78.42222,24,483,177,8,20,27,30,96,88,63,86,16,Recreational,1
451,17.335729,78.48356,17,361,79,17,25,39,48,88,81,73,40,40,Recreational,1
452,17.276052,78.5285,36,137,241,24,43,12,98,64,83,73,74,59,Residential,3
453,17.507777,78.573918,45,428,418,35,31,66,68,51,79,65,55,37,Mixed,2
454,17.357328,78.417822,76,108,522,16,36,40,16,16,54,73,85,54,Industrial,4
455,17.262309,78.418818,61,59,624,10,29,31,15,10,71,80,59,10,Industrial,4
456,17.479839,78.541171,77,55,544,10,37,26,24,16,66,65,72,24,Industrial,4
457,17.507188,78.451427,84,118,816,11,25,35,15,11,55,53,68,35,Industrial,4
458,17.227615,78.333916,41,346,368,28,42,46,42,55,71,70,57,52,Mixed,2
459,17.319959,78.457118,20,402,59,11,16,23,50,96,72,49,90,56,Recreational,1
460,17.365243,78.279738,84,661,554,57,36,93,27,14,41,75,89,16,Commercial,0
461,17.258865,78.319191,15,502,123,13,19,35,40,100,77,80,84,33,Recreational,1
462,17.485878,78.296088,93,828,712,31,28,83,26,5,89,87,69,49,Commercial,0
463,17.280506,78.556095,42,256,173,22,46,27,89,55,59,76,84,27,Residential,3
464,17.54905,78.234844,70,381,246,30,31,48,52,44,66,54,67,46,Mixed,2
465,17.319693,78.372343,44,253,191,26,47,30,82,41,72,81,58,26,Residential,3
466,17.522039,78.538016,70,98,554,19,27,27,29,8,46,85,85,45,Industrial,4
467,17.392118,78.464682,86,624,665,51,35,95,17,17,78,67,45,25,Commercial,0
468,17.445261,78.522241,85,139,833,16,25,32,29,19,42,43,65,20,Industrial,4
469,17.200377,78.215706,81,817,443,30,32,93,11,16,65,60,67,57,Commercial,0
470,17.4925,78.507899,92,678,604,52,36,95,11,8,59,85,42,64,Commercial,0
471,17.536843,78.445653,28,571,132,6,26,33,35,92,75,61,57,21,Recreational,1
472,17.539019,78.272727,58,320,247,38,25,59,66,50,82,76,87,16,Mixed,2
473,17.216599,78.328827,85,118,522,14,29,28,24,7,68,45,56,35,Industrial,4
474,17.303562,78.221131,65,121,605,17,27,33,23,14,51,77,83,64,Industrial,4
475,17.446878,78.587928,36,244,214,10,41,16,83,49,52,73,81,30,Residential,3
476,17.411463,78.333777,58,379,211,36,29,41,45,37,50,51,48,11,Mixed,2
477,17.499981,78.522047,43,259,411,35,27,43,68,39,51,53,87,63,Mixed,2
478,17.540885,78.216374,32,466,69,12,21,28,30,85,77,83,61,53,Recreational,1
479,17.393399,78.37166,88,841,693,53,38,89,17,9,45,60,96,48,Commercial,0
480,17.214584,78.221098,34,597,76,14,28,39,39,89,65,64,50,32,Recreational,1
481,17.379631,78.431045,70,313,431,20,40,41,57,44,72,76,73,29,Mixed,2
482,17.546028,78.440317,33,187,171,21,50,19,99,56,50,41,97,35,Residential,3
483,17.394254,78.56512,73,641,609,34,38,95,10,16,63,73,92,66,Commercial,0
484,17.585474,78.350794,65,431,212,38,22,65,47,56,51,41,50,53,Mixed,2
485,17.459473,78.5597,16,426,184,14,26,35,37,88,71,54,76,22,Recreational,1
486,17.320387,78.273618,48,430,377,34,29,63,70,36,79,67,71,44,Mixed,2
487,17.593862,78.283639,45,314,210,31,24,62,68,50,87,84,84,58,Mixed,2
488,17.352853,78.320724,75,143,688,24,28,27,25,19,81,64,83,21,Industrial,4
489,17.576534,78.470647,97,608,411,34,39,82,14,6,85,73,52,48,Commercial,0
490,17.294235,78.324123,69,87,823,14,25,26,18,12,76,49,82,66,Industrial,4
491,17.362059,78.295606,58,431,209,31,41,43,70,47,55,79,75,34,Mixed,2
492,17.395691,78.253338,42,258,260,37,30,42,69,60,73,80,53,13,Mixed,2
493,17.247295,78.581578,34,127,179,21,49,14,81,49,40,78,71,35,Residential,3
494,17.202941,78.476688,73,91,745,16,41,25,13,5,48,43,46,32,Industrial,4
495,17.35442,78.586682,70,147,715,10,40,34,22,19,66,43,55,39,Industrial,4
496,17.288285,78.263379,91,713,641,52,36,91,30,12,43,70,83,40,Commercial,0
497,17.277071,78.251628,29,450,65,9,29,36,47,84,52,58,69,54,Recreational,1
498,17.59525,78.394092,34,318,158,16,21,31,50,83,73,41,44,64,Recreational,1
499,17.506347,78.231685,46,259,327,38,40,47,40,57,88,78,53,30,Mixed,2
500,17.244774,78.443802,74,657,584,59,39,87,15,15,58,75,89,42,Commercial,0
501,17.584823,78.403584,50,541,307,29,25,64,40,36,66,60,67,25,Mixed,2
502,17.599517,78.221987,20,481,74,16,19,40,47,94,45,68,58,42,Recreational,1
503,17.234787,78.321288,42,482,239,22,44,70,52,35,84,59,91,53,Mixed,2
504,17.415016,78.205679,80,126,586,18,41,21,28,7,46,81,81,68,Industrial,4
505,17.238792,78.222283,50,161,199,28,46,14,86,57,46,56,78,45,Residential,3
506,17.596114,78.444537,74,757,603,33,28,83,28,12,53,44,57,51,Commercial,0
507,17.334337,78.405547,99,943,602,32,36,80,24,20,48,54,67,33,Commercial,0
508,17.405145,78.537919,78,125,647,10,41,32,10,14,86,71,78,69,Industrial,4
509,17.23698,78.38316,87,67,666,10,42,31,17,10,70,73,46,45,Industrial,4
510,17.586649,78.377376,96,800,599,48,22,97,14,18,67,69,43,48,Commercial,0
511,17.498919,78.219166,16,534,199,19,30,39,35,83,54,63,64,10,Recreational,1
512,17.593336,78.296641,24,207,141,15,41,16,97,41,49,54,69,53,Residential,3
513,17.525917,78.366957,100,851,518,31,25,97,15,17,73,83,54,23,Commercial,0
514,17.41792,78.250257,62,135,841,19,43,22,21,17,87,56,46,22,Industrial,4
515,17.548634,78.367338,89,733,610,34,29,88,22,7,60,63,77,13,Commercial,0
516,17.457794,78.273146,19,467,103,7,26,27,42,83,85,53,52,36,Recreational,1
517,17.377674,78.254821,72,936,657,54,32,99,11,8,67,82,98,35,Commercial,0
518,17.427593,78.412592,62,109,895,17,29,39,16,11,52,80,96,62,Industrial,4
519,17.269663,78.418752,20,156,139,25,42,12,82,63,44,65,50,16,Residential,3
520,17.329124,78.303243,16,366,80,15,27,26,42,81,45,80,71,29,Recreational,1
521,17.32072,78.559897,81,798,438,46,32,90,15,17,62,66,85,15,Commercial,0
522,17.300723,78.529499,29,551,162,17,22,24,46,99,72,61,89,56,Recreational,1
523,17.241725,78.258206,44,492,337,34,29,66,55,41,57,62,72,25,Mixed,2
524,17.559765,78.253414,16,468,108,9,21,32,49,92,66,65,46,51,Recreational,1
525,17.515638,78.441157,62,475,252,34,35,70,58,38,68,78,43,12,Mixed,2
526,17.236711,78.472381,60,107,702,20,25,40,16,19,77,85,41,36,Industrial,4
527,17.530556,78.4806,60,112,598,12,31,20,20,10,59,42,90,11,Industrial,4
528,17.589027,78.344024,24,108,101,11,35,19,97,51,75,60,88,56,Residential,3
529,17.439073,78.547878,24,288,189,15,41,17,84,69,54,55,40,25,Residential,3
530,17.340772,78.37846,63,457,434,21,41,66,45,55,77,85,64,20,Mixed,2
531,17.473515,78.501248,47,497,475,27,33,70,57,54,68,87,48,24,Mixed,2
532,17.527798,78.330696,34,336,135,11,23,27,45,85,67,87,77,40,Recreational,1
533,17.470092,78.282353,94,690,615,42,38,96,20,16,67,47,62,38,Commercial,0
534,17.33732,78.331428,23,582,107,18,16,28,50,80,62,49,81,61,Recreational,1
535,17.314454,78.456179,65,302,265,37,42,41,51,51,76,59,78,33,Mixed,2
536,17.448491,78.219232,96,984,516,49,32,88,24,7,85,50,63,31,Commercial,0
537,17.473372,78.437474,40,273,234,23,35,47,55,56,56,54,55,24,Mixed,2
538,17.341819,78.425838,38,167,142,14,32,22,89,50,57,73,78,50,Residential,3
539,17.289235,78.418267,66,52,703,16,41,20,14,20,54,41,80,16,Industrial,4
540,17.257547,78.241864,43,537,227,32,20,67,63,32,87,69,93,45,Mixed,2
541,17.569493,78.528589,38,164,168,28,51,20,92,59,76,75,75,13,Residential,3
542,17.268879,78.372393,35,268,245,11,50,13,91,46,86,78,68,63,Residential,3
543,17.474671,78.297446,33,372,98,9,16,39,45,93,53,72,74,67,Recreational,1
544,17.375106,78.324148,16,542,90,7,19,37,45,83,51,68,46,23,Recreational,1
545,17.389631,78.550274,95,705,431,39,30,96,14,17,81,48,88,42,Commercial,0
546,17.383098,78.238224,98,980,513,43,34,85,19,17,54,68,43,27,Commercial,0
547,17.59974,78.284573,73,52,613,23,34,25,22,14,57,59,97,57,Industrial,4
548,17.585741,78.265492,28,391,101,9,22,31,31,91,44,44,70,54,Recreational,1
549,17.56244,78.255094,89,125,528,12,33,21,12,18,43,64,90,22,Industrial,4
550,17.378355,78.483433,71,845,696,41,31,94,11,20,57,52,85,14,Commercial,0
551,17.372827,78.518556,90,138,661,14,31,25,12,17,42,65,96,33,Industrial,4
552,17.310858,78.379871,36,141,110,16,31,27,100,43,79,85,83,31,Residential,3
553,17.337351,78.20764,90,79,763,11,39,28,28,8,79,64,58,14,Industrial,4
554,17.551191,78.307676,82,76,539,19,43,37,19,17,78,80,72,28,Industrial,4
555,17.211668,78.416495,31,171,232,19,50,14,96,65,44,61,54,22,Residential,3
556,17.426341,78.566702,80,617,641,50,35,92,16,5,65,87,40,58,Commercial,0
557,17.38528,78.394731,25,205,245,18,37,19,96,62,68,45,53,31,Residential,3
558,17.272653,78.320958,17,577,100,11,30,26,37,97,64,52,60,50,Recreational,1
559,17.233685,78.59383,84,651,785,54,32,81,28,14,73,74,77,12,Commercial,0
560,17.39185,78.589138,88,922,609,36,28,99,21,9,42,50,96,39,Commercial,0
561,17.493045,78.47389,32,311,126,13,16,24,42,95,87,63,74,31,Recreational,1
562,17.599191,78.543256,42,392,241,28,30,55,49,46,71,41,63,32,Mixed,2
563,17.507893,78.524374,48,294,177,25,30,30,82,61,65,57,48,47,Residential,3
564,17.516524,78.280365,66,447,243,23,32,56,70,56,79,42,51,48,Mixed,2
565,17.45806,78.206788,48,334,466,24,22,66,56,31,63,70,72,48,Mixed,2
566,17.561276,78.485483,25,429,154,15,17,21,36,84,60,44,91,54,Recreational,1
567,17.543976,78.285214,45,397,224,21,44,65,45,38,42,72,40,60,Mixed,2
568,17.573768,78.282614,94,970,690,41,24,81,16,17,86,42,99,62,Commercial,0
569,17.585238,78.567018,77,815,611,57,35,97,29,16,52,84,81,48,Commercial,0
570,17.50526,78.5209,23,477,126,16,32,34,33,96,44,61,55,50,Recreational,1
571,17.242319,78.402456,26,103,189,14,52,25,82,65,57,68,62,62,Residential,3
572,17.397193,78.388761,90,1000,678,54,30,96,23,17,59,69,58,62,Commercial,0
573,17.242728,78.295538,76,617,472,30,36,98,15,7,76,73,59,34,Commercial,0
574,17.378921,78.586207,50,467,452,36,35,46,55,32,55,79,51,44,Mixed,2
575,17.510346,78.335493,30,572,81,13,20,39,31,88,67,77,42,29,Recreational,1
576,17.371554,78.275594,74,797,700,31,34,94,22,14,53,46,85,67,Commercial,0
577,17.350504,78.569314,49,473,472,33,27,43,65,45,63,84,93,36,Mixed,2
578,17.245458,78.201567,33,245,136,18,32,17,99,61,81,61,58,39,Residential,3
579,17.552062,78.277999,90,98,599,23,43,31,24,19,82,76,76,24,Industrial,4
580,17.24336,78.550373,16,383,64,8,18,37,35,98,50,67,95,11,Recreational,1
581,17.489915,78.402141,57,299,317,29,22,48,42,40,83,51,42,62,Mixed,2
582,17.32047,78.299591,66,74,520,19,35,34,28,20,61,60,99,61,Industrial,4
583,17.311736,78.347756,44,509,208,38,22,44,60,55,57,72,47,60,Mixed,2
584,17.399643,78.244057,25,166,239,13,41,22,81,41,54,62,68,26,Residential,3
585,17.262341,78.297377,31,561,76,6,19,25,31,87,86,54,50,31,Recreational,1
586,17.334885,78.360904,26,455,173,11,16,30,39,82,68,81,67,68,Recreational,1
587,17.206124,78.512229,41,152,231,13,34,10,96,41,69,47,78,56,Residential,3
588,17.356095,78.431426,21,489,152,16,28,40,47,85,43,81,57,53,Recreational,1
589,17.466332,78.286205,19,522,160,14,34,38,45,90,79,42,62,16,Recreational,1
590,17.488045,78.234454,29,246,157,18,45,28,97,48,87,84,81,34,Residential,3
591,17.534517,78.286185,66,128,835,20,32,29,13,7,58,67,60,68,Industrial,4
592,17.545423,78.336379,38,129,121,12,34,18,97,50,87,41,51,63,Residential,3
593,17.442717,78.539788,16,500,160,6,15,29,31,91,47,76,93,69,Recreational,1
594,17.586636,78.380886,58,404,456,30,39,40,69,37,71,44,56,17,Mixed,2
595,17.48128,78.20868,77,120,809,13,42,22,23,12,73,85,61,20,Industrial,4
596,17.409702,78.468291,76,95,537,17,29,27,11,20,54,83,56,42,Industrial,4
597,17.403804,78.4183,48,538,312,32,40,65,60,34,49,45,95,60,Mixed,2
598,17.294994,78.591568,84,901,791,39,28,96,18,7,50,51,49,34,Commercial,0
599,17.522306,78.530099,21,352,105,12,15,23,41,82,52,70,77,52,Recreational,1
600,17.416221,78.383282,50,474,257,26,31,46,66,52,78,81,87,35,Mixed,2
601,17.342708,78.265708,52,541,351,31,36,41,52,60,68,89,67,69,Mixed,2
602,17.496523,78.531044,89,769,539,34,28,87,25,18,66,64,52,64,Commercial,0
603,17.422901,78.497054,30,153,232,22,40,28,82,54,78,46,77,41,Residential,3
604,17.377458,78.567499,62,335,251,20,33,56,49,41,87,85,66,57,Mixed,2
605,17.404835,78.576276,56,313,322,37,39,55,56,45,58,47,77,47,Mixed,2
606,17.4941,78.518935,50,143,175,26,44,18,86,49,87,51,71,34,Residential,3
607,17.397159,78.27235,31,270,215,12,31,15,84,57,55,47,64,41,Residential,3
608,17.307545,78.208415,69,105,620,21,30,39,14,11,48,68,55,63,Industrial,4
609,17.420675,78.536438,79,100,833,16,29,37,11,15,79,72,70,68,Industrial,4
610,17.306091,78.474436,36,161,122,23,53,16,82,66,77,59,73,58,Residential,3
611,17.529559,78.459008,96,993,754,49,37,92,21,15,88,75,62,41,Commercial,0
612,17.436997,78.392997,68,111,674,11,28,24,26,12,79,51,60,49,Industrial,4
613,17.441517,78.31957,78,96,761,17,40,37,29,20,82,78,88,58,Industrial,4
614,17.593355,78.536443,86,763,676,34,39,86,19,5,68,69,46,42,Commercial,0
615,17.538204,78.519633,81,634,627,57,32,98,19,9,78,63,55,42,Commercial,0
616,17.226664,78.599424,69,280,214,30,21,46,43,40,68,41,55,48,Mixed,2
617,17.570115,78.547187,33,401,185,17,19,21,38,90,63,45,65,16,Recreational,1
618,17.234446,78.423655,88,115,774,13,30,36,14,17,67,69,46,18,Industrial,4
619,17.303482,78.210358,65,67,509,21,35,20,10,17,76,59,40,61,Industrial,4
620,17.470589,78.275973,76,104,865,22,28,24,30,5,61,64,41,64,Industrial,4
621,17.482721,78.568015,35,504,167,9,21,39,30,93,75,56,60,55,Recreational,1
622,17.314795,78.299955,22,574,146,6,29,29,47,93,88,66,52,42,Recreational,1
623,17.568303,78.432636,83,751,722,44,38,96,12,20,53,51,67,53,Commercial,0
624,17.512773,78.278144,90,656,742,49,30,81,19,14,82,45,75,33,Commercial,0
625,17.490187,78.245292,85,86,633,10,30,37,18,12,64,54,65,17,Industrial,4
626,17.422348,78.479811,45,495,426,29,20,67,53,33,51,77,50,21,Mixed,2
627,17.302349,78.362831,63,101,786,10,37,37,18,14,63,48,70,64,Industrial,4
628,17.474285,78.543592,25,114,102,20,35,12,90,54,84,67,49,47,Residential,3
629,17.253991,78.318471,37,215,204,11,37,29,81,50,65,46,77,39,Residential,3
630,17.517077,78.311658,43,100,229,29,52,30,83,70,51,61,59,27,Residential,3
631,17.293275,78.545761,19,502,73,16,27,35,42,81,55,77,85,10,Recreational,1
632,17.470815,78.521285,88,86,836,19,31,29,20,7,49,81,53,21,Industrial,4
633,17.540504,78.519394,45,214,228,19,31,26,86,46,66,48,61,43,Residential,3
634,17.261585,78.482143,35,467,94,8,23,28,47,91,81,82,78,18,Recreational,1
635,17.389641,78.201642,55,286,410,24,36,65,61,59,47,72,41,39,Mixed,2
636,17.505701,78.51599,84,123,631,14,28,32,22,6,63,41,87,42,Industrial,4
637,17.407327,78.434939,84,59,820,19,33,34,24,7,44,80,97,31,Industrial,4
638,17.417612,78.423918,23,461,58,16,31,20,48,85,76,70,73,50,Recreational,1
639,17.522711,78.262767,18,544,128,12,18,35,50,83,55,61,51,25,Recreational,1
640,17.309765,78.360012,68,376,209,29,26,57,40,36,60,40,54,13,Mixed,2
641,17.326765,78.386955,71,979,509,45,20,81,16,17,49,59,40,22,Commercial,0
642,17.451146,78.346091,97,822,422,45,32,90,26,5,73,52,53,20,Commercial,0
643,17.220829,78.205129,66,536,280,34,28,49,47,50,52,89,44,15,Mixed,2
644,17.572852,78.508092,30,429,86,5,18,23,32,88,61,62,51,19,Recreational,1
645,17.35505,78.329278,21,193,131,19,45,21,80,60,47,87,89,22,Residential,3
646,17.436541,78.48768,33,168,213,28,44,15,90,60,82,59,59,30,Residential,3
647,17.35444,78.475929,45,257,209,28,39,13,85,53,43,65,86,57,Residential,3
648,17.549132,78.525826,76,119,818,22,35,35,17,15,46,65,95,31,Industrial,4
649,17.371003,78.493135,28,122,146,22,54,11,81,55,48,67,52,44,Residential,3
650,17.282355,78.328675,27,158,140,25,31,15,87,65,67,76,80,10,Residential,3
651,17.384233,78.560304,89,59,830,23,30,31,22,5,55,74,41,20,Industrial,4
652,17.305004,78.220939,39,113,153,17,39,27,98,47,67,47,70,12,Residential,3
653,17.459382,78.35184,73,1000,541,48,28,100,21,9,71,50,59,44,Commercial,0
654,17.462472,78.352895,22,303,151,19,26,35,45,100,59,43,50,22,Recreational,1
655,17.378277,78.21974,82,903,655,55,25,89,22,11,67,58,63,28,Commercial,0
656,17.316147,78.552894,35,365,59,18,27,28,30,93,87,59,54,41,Recreational,1
657,17.456506,78.365458,69,500,311,35,21,56,50,37,42,51,59,25,Mixed,2
658,17.344873,78.464188,100,648,706,51,20,91,24,6,67,62,53,39,Commercial,0
659,17.414643,78.573929,24,345,113,10,28,31,40,99,63,58,41,31,Recreational,1
660,17.233352,78.571403,71,912,742,34,27,95,25,17,54,40,61,12,Commercial,0
661,17.356799,78.347481,34,204,181,12,39,26,86,54,40,66,96,36,Residential,3
662,17.522362,78.31187,84,142,770,12,39,24,21,18,59,76,42,18,Industrial,4
663,17.583837,78.517065,42,122,243,18,42,28,99,56,77,75,40,27,Residential,3
664,17.454453,78.381686,54,549,309,23,20,63,43,48,80,49,75,29,Mixed,2
665,17.458419,78.260244,71,111,593,21,40,24,29,13,51,60,64,20,Industrial,4
666,17.571948,78.393519,72,715,751,46,33,80,26,13,47,44,44,50,Commercial,0
667,17.511406,78.252406,35,132,229,23,43,10,95,54,65,86,83,25,Residential,3
668,17.229771,78.401477,67,83,885,20,34,22,26,12,67,62,43,23,Industrial,4
669,17.319072,78.213179,73,983,462,30,36,96,16,11,71,54,52,69,Commercial,0
670,17.217268,78.32384,63,260,386,34,29,48,66,57,48,67,40,26,Mixed,2
671,17.276484,78.325096,69,459,493,26,36,45,47,41,53,83,94,19,Mixed,2
672,17.515071,78.324415,28,109,109,25,36,14,82,57,82,54,60,61,Residential,3
673,17.228184,78.311257,76,961,780,57,32,87,21,10,63,65,69,42,Commercial,0
674,17.494502,78.5097,30,170,189,17,35,16,89,50,84,48,70,16,Residential,3
675,17.447125,78.507989,60,70,819,24,44,21,12,19,71,45,84,30,Industrial,4
676,17.432387,78.491956,97,822,517,31,34,93,28,15,54,45,91,18,Commercial,0
677,17.554733,78.351339,37,191,224,28,38,30,85,53,67,63,52,52,Residential,3
678,17.592579,78.253899,85,132,779,19,37,33,27,16,75,81,68,26,Industrial,4
679,17.56581,78.245221,88,117,829,18,27,34,11,13,64,88,45,35,Industrial,4
680,17.493724,78.454376,41,100,202,12,52,13,88,44,54,47,77,59,Residential,3
681,17.548864,78.228503,25,177,182,14,52,16,98,70,78,63,73,66,Residential,3
682,17.252626,78.320911,73,882,602,34,36,99,16,15,86,54,85,22,Commercial,0
683,17.313875,78.555043,23,533,53,5,28,37,40,95,72,68,78,69,Recreational,1
684,17.218824,78.467419,17,569,192,6,28,35,36,83,89,63,66,46,Recreational,1
685,17.220203,78.217552,20,219,103,10,40,27,93,61,50,49,98,26,Residential,3
686,17.2317,78.276596,52,514,338,30,25,40,61,35,52,61,95,40,Mixed,2
687,17.320582,78.237823,39,227,221,14,33,11,86,49,87,49,89,26,Residential,3
688,17.57107,78.579932,70,838,688,35,32,80,14,19,80,69,96,58,Commercial,0
689,17.339621,78.58649,81,668,615,35,20,80,19,14,42,88,58,69,Commercial,0
690,17.319028,78.515716,93,744,765,33,36,96,21,16,59,89,42,52,Commercial,0
691,17.377094,78.579566,24,145,114,10,45,20,99,45,63,55,69,43,Residential,3
692,17.275354,78.222499,31,388,110,19,33,29,41,93,70,71,71,50,Recreational,1
693,17.531878,78.339921,53,329,334,23,39,62,64,60,50,87,59,45,Mixed,2
694,17.205407,78.264868,82,930,626,38,25,100,20,20,66,76,85,58,Commercial,0
695,17.356034,78.277819,65,477,346,36,32,65,61,52,67,40,83,45,Mixed,2
696,17.319335,78.30521,68,386,388,35,35,66,41,39,83,47,82,51,Mixed,2
697,17.431907,78.447574,89,62,774,16,33,38,22,10,79,61,57,32,Industrial,4
698,17.525045,78.251432,83,679,410,30,26,95,23,19,53,67,92,52,Commercial,0
699,17.467845,78.588267,25,206,148,18,47,26,91,62,44,82,75,68,Residential,3
700,17.319545,78.277194,86,689,710,42,31,80,30,7,60,57,82,61,Commercial,0
701,17.465494,78.466314,27,168,167,29,48,30,83,54,56,83,42,19,Residential,3
702,17.21407,78.564729,20,134,163,21,30,12,82,44,58,68,64,42,Residential,3
703,17.278044,78.557045,23,113,249,25,32,30,88,62,43,60,76,52,Residential,3
704,17.346911,78.565526,22,137,187,20,38,24,82,40,58,85,88,31,Residential,3
705,17.4051,78.3593,30,354,100,10,21,20,30,84,45,70,55,40,Recreational,1
706,17.398529,78.361459,59,387,273,28,32,42,66,47,73,88,67,28,Mixed,2
707,17.285091,78.441434,71,847,468,53,22,86,22,17,62,69,99,27,Commercial,0
708,17.516956,78.290096,74,712,524,37,34,99,13,6,44,72,96,14,Commercial,0
709,17.584641,78.507857,73,638,453,55,20,80,17,8,55,60,84,64,Commercial,0
710,17.583645,78.572436,49,130,141,21,30,19,88,42,65,48,81,60,Residential,3
711,17.259453,78.382463,42,475,441,28,32,41,46,45,60,58,64,56,Mixed,2
712,17.595687,78.266732,46,321,497,24,28,64,64,30,41,58,85,29,Mixed,2
713,17.452235,78.37984,97,688,595,59,39,82,28,6,65,75,47,26,Commercial,0
714,17.357035,78.336809,96,772,403,51,33,82,14,20,46,72,70,64,Commercial,0
715,17.203342,78.26744,75,787,741,31,38,99,29,12,53,72,49,25,Commercial,0
716,17.248064,78.413822,87,92,835,20,44,20,25,7,60,61,48,18,Industrial,4
717,17.557905,78.247023,82,607,607,47,20,80,21,10,80,44,98,25,Commercial,0
718,17.328072,78.468102,81,110,635,12,29,27,28,6,89,70,72,56,Industrial,4
719,17.570512,78.584653,76,933,634,50,35,85,25,8,68,55,51,26,Commercial,0
720,17.258227,78.362444,47,433,460,31,28,42,42,30,61,89,95,53,Mixed,2
721,17.56882,78.241811,46,349,372,36,43,41,53,32,44,53,42,32,Mixed,2
722,17.247955,78.393409,62,303,337,32,35,48,41,52,76,61,56,32,Mixed,2
723,17.467754,78.390797,16,477,172,10,25,32,37,80,56,51,43,62,Recreational,1
724,17.457121,78.47712,89,56,715,24,29,24,26,18,48,45,64,28,Industrial,4
725,17.499726,78.585876,54,326,487,32,34,53,47,40,57,75,65,19,Mixed,2
726,17.308914,78.267759,40,380,266,26,23,42,54,37,42,68,69,48,Mixed,2
727,17.365772,78.475814,20,595,123,16,33,22,33,90,54,72,80,52,Recreational,1
728,17.336086,78.20261,15,383,126,5,19,24,43,93,79,43,78,61,Recreational,1
729,17.257832,78.478103,90,144,508,14,37,33,23,10,49,87,70,46,Industrial,4
730,17.571334,78.221915,32,288,176,28,47,28,80,47,71,61,87,38,Residential,3
731,17.549842,78.425547,76,104,606,21,32,23,20,12,48,65,41,25,Industrial,4
732,17.385356,78.439772,46,246,127,17,43,25,91,44,65,70,95,60,Residential,3
733,17.298882,78.49935,89,788,465,39,20,83,21,13,75,80,67,47,Commercial,0
734,17.485329,78.463769,98,617,469,47,39,95,24,20,47,52,94,52,Commercial,0
735,17.210297,78.336419,87,887,454,48,32,94,10,17,87,44,97,44,Commercial,0
736,17.395686,78.336774,72,62,637,11,30,27,13,13,83,86,79,16,Industrial,4
737,17.574741,78.26581,68,270,456,38,20,43,49,32,66,80,74,37,Mixed,2
738,17.487784,78.541827,15,443,73,9,23,29,42,94,51,44,76,40,Recreational,1
739,17.452414,78.581295,17,530,164,16,32,20,34,81,72,78,82,52,Recreational,1
740,17.280188,78.365386,26,170,205,12,41,12,90,68,83,43,64,57,Residential,3
741,17.385876,78.528294,20,490,50,7,19,36,43,88,74,52,74,52,Recreational,1
742,17.534621,78.40492,81,65,645,16,37,23,18,18,81,80,46,24,Industrial,4
743,17.450903,78.32655,41,483,382,32,27,48,50,40,70,55,81,65,Mixed,2
744,17.55683,78.414209,24,445,117,19,23,26,47,87,82,46,80,49,Recreational,1
745,17.241864,78.529059,57,253,443,25,25,65,50,55,56,63,67,44,Mixed,2
746,17.539507,78.482423,77,150,867,23,40,36,18,15,74,84,93,44,Industrial,4
747,17.217864,78.323824,81,998,420,49,22,89,10,7,58,62,52,53,Commercial,0
748,17.200939,78.29792,92,814,491,44,35,90,15,15,42,54,40,16,Commercial,0
749,17.325644,78.453386,65,484,443,25,20,46,51,60,71,59,94,60,Mixed,2
750,17.599289,78.555537,46,210,241,13,34,22,94,45,72,58,52,38,Residential,3
751,17.465401,78.338292,41,204,244,26,53,21,92,69,83,85,49,64,Residential,3
752,17.599897,78.297626,66,75,866,17,30,22,15,19,55,41,70,37,Industrial,4
753,17.406499,78.2615,34,427,142,16,19,38,34,98,69,42,98,67,Recreational,1
754,17.393124,78.329228,78,896,761,42,34,84,12,15,66,47,71,29,Commercial,0
755,17.309264,78.283808,42,310,463,28,41,60,51,40,41,89,80,11,Mixed,2
756,17.215884,78.535763,32,511,155,15,31,39,45,99,84,41,63,40,Recreational,1
757,17.299942,78.334584,31,440,177,11,22,21,35,89,83,60,81,19,Recreational,1
758,17.341391,78.456884,48,204,151,28,43,11,84,59,47,46,45,20,Residential,3
759,17.591894,78.30731,44,290,120,23,32,27,94,45,49,66,51,16,Residential,3
760,17.584107,78.477268,45,114,132,14,44,12,80,47,51,58,64,66,Residential,3
761,17.373385,78.358691,67,250,335,23,24,64,61,57,78,62,43,61,Mixed,2
762,17.486174,78.22767,44,354,265,26,36,55,56,49,62,73,50,43,Mixed,2
763,17.511072,78.495521,91,785,753,57,34,89,24,14,68,62,98,26,Commercial,0
764,17.292137,78.424403,85,891,447,48,20,85,19,20,43,61,52,25,Commercial,0
765,17.218966,78.520469,30,187,102,29,39,10,99,50,65,51,53,34,Residential,3
766,17.312185,78.492441,38,156,165,27,43,25,90,49,56,85,61,13,Residential,3
767,17.304922,78.535555,33,411,67,11,25,26,38,83,64,71,69,54,Recreational,1
768,17.361659,78.550149,33,503,51,10,19,24,49,84,43,48,68,31,Recreational,1
769,17.46888,78.278704,49,310,465,25,36,44,65,35,86,64,98,60,Mixed,2
770,17.513316,78.585114,75,81,875,12,44,22,19,6,75,45,82,55,Industrial,4
771,17.277918,78.526413,44,194,212,18,46,24,86,61,70,58,74,38,Residential,3
772,17.547319,78.317886,45,203,246,15,30,17,80,58,82,60,63,34,Residential,3
773,17.357996,78.334003,78,142,872,19,36,20,16,5,49,70,99,15,Industrial,4
774,17.508415,78.374092,36,217,179,20,35,12,80,57,76,52,49,46,Residential,3
775,17.492642,78.346799,100,816,433,36,29,99,16,12,55,76,68,69,Commercial,0
776,17.420527,78.343817,35,221,111,19,51,11,86,52,74,54,40,35,Residential,3
777,17.481095,78.517081,74,135,750,15,44,34,30,11,68,71,71,62,Industrial,4
778,17.436349,78.565282,32,526,130,6,32,21,42,94,44,42,76,46,Recreational,1
779,17.526751,78.20558,32,543,97,12,31,27,36,87,70,51,87,40,Recreational,1
780,17.265418,78.21346,34,532,120,8,28,30,36,89,68,48,75,57,Recreational,1
781,17.518739,78.251027,78,836,752,31,32,88,16,20,58,78,45,59,Commercial,0
782,17.40835,78.534554,65,547,212,31,40,49,59,47,75,67,63,14,Mixed,2
783,17.249879,78.434483,22,224,153,11,47,18,92,46,81,48,61,56,Residential,3
784,17.319469,78.546776,78,129,614,12,34,37,22,14,57,42,97,69,Industrial,4
785,17.469009,78.481704,85,112,846,13,31,27,18,18,76,69,92,28,Industrial,4
786,17.267996,78.334135,43,289,261,25,24,53,60,42,81,89,43,17,Mixed,2
787,17.524465,78.21313,64,467,306,35,31,52,66,45,65,72,70,57,Mixed,2
788,17.312772,78.412344,31,152,241,25,40,29,88,49,56,51,45,28,Residential,3
789,17.460321,78.587145,84,113,523,18,40,39,25,10,76,60,43,43,Industrial,4
790,17.268304,78.290735,83,670,613,48,20,99,24,6,74,89,69,43,Commercial,0
791,17.396606,78.590211,66,121,742,11,37,32,28,11,51,88,69,40,Industrial,4
792,17.225814,78.431065,64,428,437,26,32,45,63,48,58,75,90,18,Mixed,2
793,17.532999,78.540311,88,73,803,24,29,40,19,11,84,65,53,48,Industrial,4
794,17.582097,78.55509,60,267,237,20,23,58,51,44,74,62,66,69,Mixed,2
795,17.594343,78.323453,75,90,630,14,44,33,24,10,75,79,90,68,Industrial,4
796,17.36557,78.308023,82,854,410,50,27,87,23,17,42,75,66,29,Commercial,0
797,17.296784,78.311386,52,354,480,29,31,53,40,43,53,47,87,23,Mixed,2
798,17.584874,78.560594,100,842,454,42,28,94,12,12,72,55,47,38,Commercial,0
799,17.2223,78.220962,91,869,586,50,26,94,25,7,45,72,83,27,Commercial,0
800,17.244164,78.367805,88,143,717,15,25,40,16,19,68,61,84,22,Industrial,4
801,17.559447,78.576454,27,471,150,11,22,24,38,93,51,75,91,49,Recreational,1
802,17.443489,78.570795,60,83,567,17,25,26,10,13,42,83,90,24,Industrial,4
803,17.380835,78.542877,66,436,461,36,40,67,61,53,56,60,90,59,Mixed,2
804,17.464544,78.243117,51,297,256,37,22,59,54,34,52,51,94,30,Mixed,2
805,17.430787,78.26087,35,107,103,17,54,16,94,60,74,88,82,50,Residential,3
806,17.437933,78.334132,28,352,133,6,26,20,49,84,77,69,63,52,Recreational,1
807,17.425205,78.342649,29,520,192,17,27,30,46,100,54,53,81,53,Recreational,1
808,17.379264,78.309765,23,351,112,13,34,30,40,86,81,43,44,14,Recreational,1
809,17.463731,78.317585,91,987,654,31,33,82,27,9,45,82,92,27,Commercial,0
810,17.468299,78.538942,32,382,180,13,18,36,46,81,80,80,44,24,Recreational,1
811,17.361085,78.200542,65,53,843,24,37,32,20,9,40,48,56,63,Industrial,4
812,17.261926,78.347857,70,531,478,29,27,51,64,51,54,80,95,66,Mixed,2
813,17.457611,78.24089,60,378,457,38,33,47,45,41,65,66,68,24,Mixed,2
814,17.296034,78.557839,25,519,52,7,32,39,31,86,47,58,93,56,Recreational,1
815,17.351457,78.367252,53,540,306,22,38,49,66,44,50,86,65,68,Mixed,2
816,17.584291,78.39982,27,397,169,9,30,26,30,91,60,50,83,60,Recreational,1
817,17.203279,78.559526,21,124,231,29,52,25,89,52,41,74,58,15,Residential,3
818,17.404976,78.418361,67,127,509,12,30,34,27,18,58,67,65,19,Industrial,4
819,17.594886,78.55267,66,104,530,19,43,36,28,9,62,59,52,22,Industrial,4
820,17.516281,78.204759,91,905,427,48,23,84,16,6,72,83,81,49,Commercial,0
821,17.531351,78.329191,24,389,116,11,26,27,49,91,74,56,67,50,Recreational,1
822,17.486888,78.533173,70,813,507,34,32,94,20,12,76,73,83,69,Commercial,0
823,17.490668,78.577041,69,68,532,21,29,35,13,5,63,60,41,40,Industrial,4
824,17.356437,78.231993,26,420,188,17,22,29,37,99,47,48,46,23,Recreational,1
825,17.249429,78.240411,60,360,490,33,34,41,68,48,51,75,42,14,Mixed,2
826,17.207844,78.468547,31,291,177,19,32,13,85,63,64,61,87,48,Residential,3
827,17.301888,78.305298,34,534,199,9,15,24,42,100,85,48,56,56,Recreational,1
828,17.327809,78.265422,20,443,139,9,23,33,37,93,83,81,69,61,Recreational,1
829,17.403689,78.451022,58,528,316,29,22,70,60,32,71,44,55,26,Mixed,2
830,17.303306,78.392314,34,411,169,6,34,34,47,80,68,68,58,53,Recreational,1
831,17.281228,78.360781,41,209,187,29,51,23,84,48,79,73,99,25,Residential,3
832,17.38384,78.294725,73,127,671,10,25,31,29,9,86,75,46,41,Industrial,4
833,17.577426,78.216752,35,131,144,15,53,10,100,58,51,66,77,27,Residential,3
834,17.207617,78.492982,60,353,444,36,28,59,52,31,75,69,64,11,Mixed,2
835,17.392735,78.249738,69,67,753,18,34,24,26,10,52,56,48,33,Industrial,4
836,17.3672,78.426223,58,469,432,26,27,53,61,57,85,50,53,30,Mixed,2
837,17.349427,78.28572,68,424,313,24,26,50,65,56,50,86,81,56,Mixed,2
838,17.324389,78.239866,82,961,744,30,20,94,25,16,77,45,83,34,Commercial,0
839,17.41089,78.330023,16,394,105,16,21,39,38,88,47,53,72,32,Recreational,1
840,17.244633,78.259099,32,225,231,29,47,28,95,66,53,69,68,17,Residential,3
841,17.44155,78.493993,21,154,203,23,35,19,87,69,70,56,64,41,Residential,3
842,17.538962,78.34276,30,388,144,15,19,35,35,90,88,62,53,15,Recreational,1
843,17.355707,78.325348,71,62,855,16,26,25,15,20,89,79,47,17,Industrial,4
844,17.359426,78.268052,17,321,136,12,27,38,34,92,67,59,72,25,Recreational,1
845,17.276813,78.455337,26,265,136,13,31,19,84,57,81,62,93,69,Residential,3
846,17.419796,78.471368,85,102,588,22,41,40,18,11,87,77,61,52,Industrial,4
847,17.333127,78.501949,91,948,419,30,28,91,13,16,61,52,46,17,Commercial,0
848,17.383463,78.456928,93,807,473,40,31,93,28,16,71,89,92,26,Commercial,0
849,17.300319,78.475881,43,521,308,36,27,52,59,55,71,76,89,24,Mixed,2
850,17.220911,78.301383,25,116,119,18,34,10,85,63,53,56,96,28,Residential,3
851,17.322231,78.407056,65,108,505,10,38,22,19,7,58,67,62,13,Industrial,4
852,17.53331,78.381708,71,795,647,35,26,95,16,6,65,65,93,28,Commercial,0
853,17.302733,78.382451,57,495,280,32,31,49,40,59,47,60,61,27,Mixed,2
854,17.326003,78.43022,81,75,849,21,28,21,17,14,87,82,89,63,Industrial,4
855,17.271208,78.529872,90,951,757,52,33,82,16,19,63,67,55,25,Commercial,0
856,17.409303,78.218046,51,514,489,36,24,50,61,48,63,46,73,57,Mixed,2
857,17.359616,78.591966,94,740,742,35,32,97,12,5,86,84,44,66,Commercial,0
858,17.380436,78.564352,80,73,627,21,42,40,19,12,79,86,60,34,Industrial,4
859,17.519871,78.373121,16,419,119,16,17,26,39,85,55,41,63,26,Recreational,1
860,17.425005,78.360852,82,915,646,47,31,86,24,7,87,40,66,57,Commercial,0
861,17.487671,78.433997,67,104,607,24,26,36,16,17,71,40,77,22,Industrial,4
862,17.510643,78.420889,43,154,247,26,46,13,84,67,62,85,91,19,Residential,3
863,17.453174,78.367948,42,147,128,27,37,19,89,44,49,89,60,33,Residential,3
864,17.456342,78.324159,74,724,657,31,26,96,19,16,73,81,59,42,Commercial,0
865,17.347425,78.584005,49,296,460,36,24,41,48,35,57,53,58,23,Mixed,2
866,17.44873,78.440544,49,356,264,32,40,43,46,43,44,63,67,52,Mixed,2
867,17.383793,78.596712,65,385,202,20,28,70,48,51,65,56,95,43,Mixed,2
868,17.237315,78.495511,44,506,288,34,23,43,70,49,49,67,96,15,Mixed,2
869,17.230434,78.400448,30,473,123,19,29,26,33,93,87,53,42,58,Recreational,1
870,17.327261,78.380569,62,125,824,19,33,20,22,20,74,71,50,57,Industrial,4
871,17.408331,78.379347,51,439,395,20,32,63,43,51,82,58,82,21,Mixed,2
872,17.207552,78.240212,68,74,861,12,27,39,25,7,81,63,82,49,Industrial,4
873,17.30744,78.413754,35,535,163,17,17,34,50,93,57,70,99,55,Recreational,1
874,17.509943,78.251883,67,109,623,16,39,34,28,14,59,77,58,36,Industrial,4
875,17.258407,78.315671,54,508,465,34,43,55,56,48,50,87,44,14,Mixed,2
876,17.416475,78.209487,27,168,234,25,52,23,84,63,80,43,75,57,Residential,3
877,17.361644,78.2886,43,287,439,35,29,48,43,58,53,43,83,65,Mixed,2
878,17.577371,78.239398,52,423,454,37,20,60,55,44,44,45,77,12,Mixed,2
879,17.30748,78.33904,15,458,198,15,22,24,31,91,61,56,46,52,Recreational,1
880,17.446487,78.399549,60,74,797,13,35,36,17,15,84,66,91,27,Industrial,4
881,17.336267,78.350845,57,468,317,36,35,45,58,36,89,53,77,49,Mixed,2
882,17.469601,78.416603,80,946,684,54,24,84,30,10,41,45,85,52,Commercial,0
883,17.291364,78.528884,78,730,617,45,30,83,10,13,55,87,50,35,Commercial,0
884,17.3677,78.277598,47,152,172,21,51,17,96,49,66,78,58,34,Residential,3
885,17.511194,78.397212,33,365,191,9,24,35,36,87,81,86,79,22,Recreational,1
886,17.550639,78.564994,25,409,149,19,31,38,38,86,40,46,65,16,Recreational,1
887,17.474771,78.317601,72,59,741,16,29,26,26,8,63,62,87,28,Industrial,4
888,17.480685,78.221057,31,437,143,18,31,40,33,100,62,77,51,34,Recreational,1
889,17.203258,78.285223,79,734,428,45,32,82,11,20,69,77,45,54,Commercial,0
890,17.529155,78.275548,50,131,148,22,54,30,100,67,87,59,73,14,Residential,3
891,17.241793,78.295006,94,653,608,45,32,84,29,20,87,87,85,15,Commercial,0
892,17.258549,78.275572,27,343,154,14,32,40,43,99,75,47,79,31,Recreational,1
893,17.378641,78.383058,24,330,70,15,31,20,47,89,65,60,75,10,Recreational,1
894,17.2484,78.267481,78,629,514,42,23,84,22,11,55,61,76,17,Commercial,0
895,17.264079,78.203114,20,406,182,11,33,20,38,97,84,86,42,33,Recreational,1
896,17.48417,78.267733,81,136,866,10,38,26,29,20,79,75,59,33,Industrial,4
897,17.592166,78.418183,19,594,151,6,25,26,50,87,76,57,93,57,Recreational,1
898,17.297187,78.456924,20,201,200,21,40,22,95,70,57,56,56,20,Residential,3
899,17.55633,78.237785,36,289,215,19,42,21,94,46,66,65,67,22,Residential,3
900,17.453697,78.509791,64,306,489,39,32,68,42,40,87,72,90,20,Mixed,2
901,17.581779,78.24627,88,132,663,16,36,37,14,11,61,65,81,21,Industrial,4
902,17.514517,78.552689,86,67,785,23,26,24,10,14,59,69,81,14,Industrial,4
903,17.240958,78.224602,22,458,61,9,26,20,33,87,40,54,89,10,Recreational,1
904,17.257806,78.253576,30,449,155,6,29,36,39,82,60,55,45,12,Recreational,1
905,17.490745,78.483145,45,159,187,13,51,17,92,49,41,79,45,57,Residential,3
906,17.396089,78.343316,40,161,237,20,42,21,88,43,78,63,93,43,Residential,3
907,17.540107,78.482548,23,150,151,16,37,26,92,63,67,82,66,10,Residential,3
908,17.438142,78.548882,44,123,138,24,48,25,92,44,42,71,74,28,Residential,3
909,17.520324,78.567303,63,94,774,14,26,34,11,15,84,62,49,12,Industrial,4
910,17.36654,78.533193,38,267,123,26,37,19,81,51,62,45,41,30,Residential,3
911,17.40778,78.425076,46,470,252,24,42,40,47,41,85,87,49,24,Mixed,2
912,17.247222,78.22251,40,138,165,15,50,18,89,43,42,80,63,31,Residential,3
913,17.2275,78.402958,15,392,132,10,27,38,42,100,75,41,86,53,Recreational,1
914,17.31421,78.319217,50,122,240,26,33,23,99,67,52,42,65,35,Residential,3
915,17.420807,78.292377,60,139,740,12,38,22,22,19,89,53,60,35,Industrial,4
916,17.586336,78.576654,33,534,50,12,29,20,36,100,50,66,53,31,Recreational,1
917,17.286034,78.308744,43,160,117,18,46,15,87,65,52,89,76,15,Residential,3
918,17.334728,78.42188,25,599,63,17,24,37,45,84,47,85,44,67,Recreational,1
919,17.441845,78.474547,25,243,159,13,41,20,82,70,83,76,45,28,Residential,3
920,17.463752,78.339664,48,504,325,27,25,43,51,41,70,64,92,25,Mixed,2
921,17.307796,78.297086,48,448,364,37,23,41,42,55,83,42,43,47,Mixed,2
922,17.285823,78.453622,86,871,408,54,28,88,21,11,80,54,41,20,Commercial,0
923,17.415009,78.598064,59,321,312,30,21,64,60,56,58,46,70,27,Mixed,2
924,17.208005,78.301142,67,458,308,37,39,48,43,50,66,47,71,10,Mixed,2
925,17.513953,78.280004,41,281,244,28,39,45,67,30,44,74,75,10,Mixed,2
926,17.245242,78.531309,32,516,74,14,17,26,39,92,43,89,82,66,Recreational,1
927,17.500509,78.471407,69,86,714,16,36,22,13,14,75,54,71,38,Industrial,4
928,17.265027,78.598207,88,100,517,19,36,35,10,20,41,54,78,37,Industrial,4
929,17.596638,78.317616,43,487,468,20,35,62,48,51,71,55,90,24,Mixed,2
930,17.411025,78.494361,70,325,280,28,42,58,64,47,67,46,48,31,Mixed,2
931,17.59133,78.491354,53,379,326,32,42,45,44,34,72,80,45,61,Mixed,2
932,17.431912,78.268743,53,286,207,26,32,52,47,40,67,57,96,28,Mixed,2
933,17.574459,78.221962,27,514,74,16,25,20,31,96,79,73,77,31,Recreational,1
934,17.499311,78.517624,65,280,262,35,42,55,68,41,53,57,66,37,Mixed,2
935,17.423354,78.56694,65,470,481,28,32,68,43,38,86,53,90,21,Mixed,2
936,17.380598,78.575387,85,106,809,13,40,39,26,20,77,47,58,39,Industrial,4
937,17.293722,78.431575,31,551,64,6,30,32,50,96,79,72,96,67,Recreational,1
938,17.321404,78.243443,34,100,140,25,33,21,80,40,78,57,62,69,Residential,3
939,17.464535,78.315741,82,679,438,45,32,93,26,16,68,71,95,33,Commercial,0
940,17.518862,78.37714,43,431,233,37,21,64,54,59,65,86,65,29,Mixed,2
941,17.200074,78.344973,85,123,796,13,43,32,27,5,66,45,49,11,Industrial,4
942,17.274498,78.394138,52,363,274,29,30,66,41,44,78,80,76,16,Mixed,2
943,17.423293,78.32992,61,536,218,23,43,59,46,57,78,56,58,63,Mixed,2
944,17.374186,78.300099,72,949,544,39,34,85,26,5,53,63,96,59,Commercial,0
945,17.503795,78.55443,32,336,63,15,33,33,38,85,56,58,83,13,Recreational,1
946,17.211408,78.563722,31,566,80,15,20,40,50,93,69,49,65,36,Recreational,1
947,17.337915,78.557459,46,243,204,22,52,21,96,66,41,84,72,35,Residential,3
948,17.505637,78.447741,89,885,636,37,25,96,21,5,42,85,65,40,Commercial,0
949,17.404813,78.254768,42,288,419,38,23,64,55,42,59,44,94,46,Mixed,2
950,17.259254,78.461532,32,225,153,11,48,26,84,64,57,89,47,36,Residential,3
951,17.251602,78.409252,27,319,115,7,29,38,42,84,45,53,43,31,Recreational,1
952,17.506772,78.366447,46,106,230,24,30,11,89,55,64,54,63,24,Residential,3
953,17.531165,78.35313,87,875,770,59,36,95,17,11,71,83,48,36,Commercial,0
954,17.335102,78.481213,50,116,148,13,46,27,99,62,73,47,52,32,Residential,3
955,17.396847,78.237697,23,462,116,6,15,33,46,92,58,69,62,24,Recreational,1
956,17.258197,78.534932,87,855,676,37,21,80,25,11,61,82,86,22,Commercial,0
957,17.530954,78.47146,97,919,470,47,28,83,18,8,83,43,96,39,Commercial,0
958,17.543181,78.356551,32,281,235,14,41,22,99,53,71,89,66,65,Residential,3
959,17.292716,78.56056,26,114,152,15,45,29,87,67,60,55,99,63,Residential,3
960,17.384734,78.208477,72,907,539,48,35,96,29,19,40,41,47,31,Commercial,0
961,17.491037,78.471727,78,797,493,44,38,100,24,6,46,50,79,47,Commercial,0
962,17.254493,78.45216,31,116,234,17,36,13,82,58,86,75,70,34,Residential,3
963,17.293678,78.408507,73,841,407,49,35,100,20,8,60,66,58,32,Commercial,0
964,17.391239,78.402091,67,100,861,14,44,28,17,15,55,78,86,33,Industrial,4
965,17.236498,78.471578,75,902,471,36,21,92,15,17,76,59,72,38,Commercial,0
966,17.351852,78.353118,64,142,672,17,26,28,26,15,89,84,40,53,Industrial,4
967,17.345983,78.309484,74,148,889,21,37,31,28,17,57,40,64,36,Industrial,4
968,17.479611,78.301165,25,335,196,10,23,39,39,84,66,52,80,11,Recreational,1
969,17.467632,78.576934,51,258,446,33,30,62,50,46,75,52,46,25,Mixed,2
970,17.392095,78.449497,17,535,150,13,26,29,48,84,44,80,66,37,Recreational,1
971,17.371148,78.239463,40,100,191,25,44,26,99,64,52,72,64,17,Residential,3
972,17.218195,78.538251,90,55,766,22,36,21,30,7,75,56,67,37,Industrial,4
973,17.366955,78.319019,83,116,785,15,26,33,18,6,83,70,52,35,Industrial,4
974,17.421137,78.301298,90,647,448,50,27,90,11,12,83,72,62,22,Commercial,0
975,17.341521,78.333446,75,721,758,55,20,94,29,9,57,69,99,67,Commercial,0
976,17.426258,78.256825,74,74,549,23,30,31,29,11,69,69,77,67,Industrial,4
977,17.2805,78.31387,23,163,197,25,53,23,87,53,70,41,87,13,Residential,3
978,17.555101,78.583065,97,624,530,34,25,87,15,10,43,46,69,39,Commercial,0
979,17.401291,78.385914,70,677,437,39,33,83,15,20,60,67,72,15,Commercial,0
980,17.301687,78.544834,70,96,598,23,26,23,28,16,41,56,74,19,Industrial,4
981,17.220483,78.498201,54,375,412,31,42,44,46,38,57,60,47,53,Mixed,2
982,17.527118,78.427136,94,879,551,53,20,85,21,13,88,73,50,40,Commercial,0
983,17.575195,78.530269,77,89,802,18,39,26,29,17,84,40,91,13,Industrial,4
984,17.330951,78.512378,47,253,122,24,33,15,82,46,77,74,75,19,Residential,3
985,17.468141,78.595992,59,436,242,26,37,43,44,33,75,84,55,34,Mixed,2
986,17.357703,78.470833,66,75,791,16,40,25,15,6,47,69,66,16,Industrial,4
987,17.383664,78.300715,84,624,741,47,31,98,22,11,64,49,69,19,Commercial,0
988,17.478414,78.576857,45,386,390,32,24,53,44,38,47,78,79,63,Mixed,2
989,17.220008,78.3949,76,618,689,43,37,94,23,12,58,65,56,63,Commercial,0
990,17.256466,78.210232,33,306,118,18,31,30,37,89,51,81,52,35,Recreational,1
991,17.286088,78.226372,89,743,756,32,34,81,22,10,79,62,98,58,Commercial,0
992,17.376997,78.458779,92,966,459,38,28,93,30,20,64,65,88,54,Commercial,0
993,17.250625,78.530657,74,608,635,35,32,87,24,10,66,77,43,20,Commercial,0
994,17.438743,78.371136,62,111,511,20,30,40,15,12,54,57,91,38,Industrial,4
995,17.32828,78.463514,78,745,774,34,25,91,20,20,88,59,48,10,Commercial,0
996,17.427993,78.333808,62,495,286,26,23,51,62,56,85,73,72,37,Mixed,2
997,17.43612,78.452003,90,107,793,15,37,28,18,8,48,54,52,31,Industrial,4
998,17.363935,78.596321,65,147,635,13,38,30,23,16,87,45,59,40,Industrial,4
999,17.255811,78.510707,71,1000,451,42,24,89,21,5,77,74,99,56,Commercial,0
1000,17.472057,78.222682,64,84,685,18,33,25,22,15,61,67,69,61,Industrial,4
